person,block,condition,trial,attempt,id,found,score,item_class,x,y,rt
29,practice,cond_prac,0,1,20,1,1,targ_class2,-40.0,5.0,1.7
29,practice,cond_prac,0,1,28,2,2,targ_class1,-68.0,212.0,3.34
29,practice,cond_prac,0,1,27,3,3,targ_class2,-187.0,204.0,4.0
29,practice,cond_prac,0,1,26,4,4,targ_class2,-307.0,185.0,4.93
29,practice,cond_prac,0,1,18,5,5,targ_class1,-340.0,-4.0,5.93
29,practice,cond_prac,0,1,10,6,6,targ_class1,-329.0,-221.0,7.07
29,practice,cond_prac,0,1,11,7,7,targ_class1,-192.0,-250.0,7.63
29,practice,cond_prac,0,1,9,8,8,targ_class2,-464.0,-198.0,8.43
29,practice,cond_prac,0,1,1,9,9,targ_class1,-463.0,-440.0,9.62
29,practice,cond_prac,0,1,12,10,10,targ_class1,-53.0,-204.0,10.62
29,practice,cond_prac,0,1,4,11,11,targ_class2,-64.0,-455.0,11.68
29,practice,cond_prac,0,1,15,12,12,targ_class2,342.0,-262.0,12.72
29,practice,cond_prac,0,1,7,13,13,targ_class1,273.0,-428.0,13.32
29,practice,cond_prac,0,1,24,14,14,targ_class1,457.0,8.0,14.3
29,practice,cond_prac,0,1,32,15,15,targ_class2,437.0,204.0,15.33
29,practice,cond_prac,0,1,38,16,16,targ_class1,209.0,418.0,16.73
29,practice,cond_prac,0,1,37,17,17,targ_class2,63.0,456.0,17.47
29,practice,cond_prac,0,1,36,18,18,targ_class2,-46.0,427.0,18.02
29,practice,cond_prac,0,1,35,19,19,targ_class2,-191.0,416.0,18.53
29,practice,cond_prac,0,1,33,20,20,targ_class1,-456.0,446.0,19.73
29,feature_B,cond_feature_B,5,1,12,1,1,targ_class1,-56.0,-199.0,1.87
29,feature_B,cond_feature_B,5,1,11,2,2,targ_class1,-156.0,-213.0,2.33
29,feature_B,cond_feature_B,5,1,10,3,3,targ_class1,-331.0,-208.0,3.3
29,feature_B,cond_feature_B,5,1,9,4,4,targ_class1,-464.0,-231.0,3.83
29,feature_B,cond_feature_B,5,1,1,5,5,targ_class1,-450.0,-430.0,4.57
29,feature_B,cond_feature_B,5,1,2,6,6,targ_class1,-395.0,-424.0,4.97
29,feature_B,cond_feature_B,5,1,3,7,7,targ_class1,-217.0,-470.0,5.77
29,feature_B,cond_feature_B,5,1,4,8,8,targ_class1,-79.0,-407.0,6.6
29,feature_B,cond_feature_B,5,1,6,9,9,targ_class2,200.0,-421.0,7.43
29,feature_B,cond_feature_B,5,1,7,10,10,targ_class2,360.0,-427.0,8.07
29,feature_B,cond_feature_B,5,1,15,11,11,targ_class2,295.0,-181.0,9.0
29,feature_B,cond_feature_B,5,1,24,12,12,targ_class2,431.0,-29.0,10.07
29,feature_B,cond_feature_B,5,1,23,13,13,targ_class1,310.0,-16.0,10.97
29,feature_B,cond_feature_B,5,1,16,14,14,targ_class1,457.0,-176.0,11.7
29,feature_B,cond_feature_B,5,1,27,15,15,targ_class2,-208.0,241.0,12.8
29,feature_B,cond_feature_B,5,1,26,16,16,targ_class1,-332.0,239.0,13.57
29,feature_B,cond_feature_B,5,1,17,17,17,targ_class1,-440.0,-0.0,14.27
29,feature_B,cond_feature_B,5,1,19,18,18,targ_class1,-184.0,11.0,15.07
29,feature_B,cond_feature_B,5,1,36,19,19,targ_class1,-72.0,441.0,16.0
29,feature_B,cond_feature_B,5,1,39,20,20,targ_class1,310.0,389.0,16.78
29,feature_B,cond_feature_B,9,1,20,1,1,targ_class2,-56.0,14.0,1.27
29,feature_B,cond_feature_B,9,1,19,2,2,targ_class1,-230.0,-52.0,2.07
29,feature_B,cond_feature_B,9,1,18,3,3,targ_class1,-317.0,-34.0,2.7
29,feature_B,cond_feature_B,9,1,26,4,4,targ_class2,-303.0,187.0,3.4
29,feature_B,cond_feature_B,9,1,33,5,5,targ_class2,-472.0,413.0,4.3
29,feature_B,cond_feature_B,9,1,39,6,6,targ_class2,342.0,401.0,5.13
29,feature_B,cond_feature_B,9,1,24,7,7,targ_class2,464.0,-37.0,5.97
29,feature_B,cond_feature_B,9,1,16,8,8,targ_class1,485.0,-219.0,6.9
29,feature_B,cond_feature_B,9,1,15,9,9,targ_class1,335.0,-222.0,7.37
29,feature_B,cond_feature_B,9,1,13,10,10,targ_class1,54.0,-224.0,8.2
29,feature_B,cond_feature_B,9,1,9,11,11,targ_class1,-437.0,-255.0,9.53
29,feature_B,cond_feature_B,9,1,1,12,12,targ_class1,-499.0,-423.0,10.53
29,feature_B,cond_feature_B,9,1,11,13,13,targ_class1,-179.0,-248.0,11.57
29,feature_B,cond_feature_B,9,1,12,14,14,targ_class1,-100.0,-204.0,12.07
29,feature_B,cond_feature_B,9,1,10,15,15,targ_class1,-283.0,-169.0,12.67
29,feature_B,cond_feature_B,9,1,17,16,16,targ_class1,-425.0,7.0,13.35
29,feature_B,cond_feature_B,9,1,22,17,17,targ_class1,241.0,-4.0,14.28
29,feature_B,cond_feature_B,9,1,30,18,18,targ_class1,160.0,213.0,15.08
29,feature_B,cond_feature_B,9,1,31,19,19,targ_class1,321.0,223.0,15.7
29,feature_B,cond_feature_B,9,1,36,20,20,targ_class1,-55.0,445.0,16.63
29,feature_B,cond_feature_B,6,1,27,1,1,targ_class1,-195.0,178.0,1.67
29,feature_B,cond_feature_B,6,1,25,2,2,targ_class2,-451.0,216.0,2.43
29,feature_B,cond_feature_B,6,1,26,3,3,targ_class2,-364.0,225.0,2.97
29,feature_B,cond_feature_B,6,1,17,4,4,targ_class1,-436.0,32.0,4.1
29,feature_B,cond_feature_B,6,1,18,5,5,targ_class1,-328.0,8.0,4.77
29,feature_B,cond_feature_B,6,1,19,6,6,targ_class1,-190.0,-2.0,5.67
29,feature_B,cond_feature_B,6,1,21,7,7,targ_class1,55.0,9.0,6.67
29,feature_B,cond_feature_B,6,1,29,8,8,targ_class1,54.0,223.0,7.4
29,feature_B,cond_feature_B,6,1,36,9,9,targ_class1,-63.0,418.0,8.23
29,feature_B,cond_feature_B,6,1,39,10,10,targ_class1,347.0,427.0,9.23
29,feature_B,cond_feature_B,6,1,40,11,11,targ_class2,485.0,443.0,10.67
29,feature_B,cond_feature_B,6,1,24,12,12,targ_class1,462.0,8.0,12.07
29,feature_B,cond_feature_B,6,1,13,13,13,targ_class1,101.0,-216.0,13.1
29,feature_B,cond_feature_B,6,1,1,14,14,targ_class1,-433.0,-451.0,15.98
29,feature_B,cond_feature_B,6,1,3,15,15,targ_class1,-190.0,-410.0,16.65
29,feature_B,cond_feature_B,6,1,4,16,16,targ_class2,-106.0,-421.0,17.56
29,feature_B,cond_feature_B,6,1,5,17,17,targ_class1,58.0,-446.0,18.95
29,feature_B,cond_feature_B,6,1,14,18,18,targ_class2,216.0,-248.0,19.58
29,feature_B,cond_feature_B,6,1,7,19,19,targ_class1,313.0,-440.0,20.2
29,feature_B,cond_feature_B,6,1,8,20,20,targ_class1,458.0,-445.0,20.83
29,feature_B,cond_feature_B,0,1,20,1,1,targ_class1,-81.0,12.0,1.37
29,feature_B,cond_feature_B,0,1,33,2,2,targ_class1,-465.0,406.0,2.2
29,feature_B,cond_feature_B,0,1,25,3,3,targ_class1,-484.0,194.0,2.87
29,feature_B,cond_feature_B,0,1,17,4,4,targ_class1,-472.0,4.0,3.37
29,feature_B,cond_feature_B,0,1,18,5,5,targ_class1,-288.0,-30.0,3.9
29,feature_B,cond_feature_B,0,1,1,6,6,targ_class1,-455.0,-423.0,4.67
29,feature_B,cond_feature_B,0,1,3,7,7,targ_class2,-206.0,-455.0,5.67
29,feature_B,cond_feature_B,0,1,11,8,8,targ_class2,-219.0,-213.0,6.3
29,feature_B,cond_feature_B,0,1,26,9,9,targ_class1,-321.0,249.0,7.03
29,feature_B,cond_feature_B,0,1,21,10,10,targ_class1,40.0,20.0,8.23
29,feature_B,cond_feature_B,0,1,29,11,11,targ_class1,52.0,211.0,8.97
29,feature_B,cond_feature_B,0,1,30,12,12,targ_class1,172.0,211.0,9.43
29,feature_B,cond_feature_B,0,1,22,13,13,targ_class1,228.0,-24.0,10.17
29,feature_B,cond_feature_B,0,1,13,14,14,targ_class1,67.0,-239.0,11.13
29,feature_B,cond_feature_B,0,1,5,15,15,targ_class1,47.0,-437.0,11.7
29,feature_B,cond_feature_B,0,1,6,16,16,targ_class2,214.0,-456.0,12.33
29,feature_B,cond_feature_B,0,1,15,17,17,targ_class2,278.0,-240.0,12.88
29,feature_B,cond_feature_B,0,1,7,18,18,targ_class1,400.0,-441.0,13.8
29,feature_B,cond_feature_B,0,1,24,19,19,targ_class1,458.0,9.0,14.75
29,feature_B,cond_feature_B,0,1,32,20,20,targ_class2,473.0,220.0,15.25
29,feature_B,cond_feature_B,7,1,27,1,1,targ_class2,-200.0,206.0,1.27
29,feature_B,cond_feature_B,7,1,17,2,2,targ_class2,-493.0,23.0,2.13
29,feature_B,cond_feature_B,7,1,9,3,3,targ_class1,-448.0,-216.0,2.67
29,feature_B,cond_feature_B,7,1,3,4,4,targ_class1,-227.0,-443.0,3.33
29,feature_B,cond_feature_B,7,1,11,5,5,targ_class1,-198.0,-190.0,3.9
29,feature_B,cond_feature_B,7,1,19,6,6,targ_class1,-217.0,2.0,4.57
29,feature_B,cond_feature_B,7,1,20,7,7,targ_class1,-84.0,-10.0,5.1
29,feature_B,cond_feature_B,7,1,21,8,8,targ_class1,81.0,-11.0,5.9
29,feature_B,cond_feature_B,7,1,30,9,9,targ_class2,171.0,202.0,6.97
29,feature_B,cond_feature_B,7,1,31,10,10,targ_class2,333.0,225.0,7.74
29,feature_B,cond_feature_B,7,1,34,11,11,targ_class1,-279.0,435.0,8.73
29,feature_B,cond_feature_B,7,1,26,12,12,targ_class1,-313.0,256.0,9.37
29,feature_B,cond_feature_B,7,1,5,13,13,targ_class1,57.0,-410.0,10.6
29,feature_B,cond_feature_B,7,1,13,14,14,targ_class1,49.0,-232.0,11.18
29,feature_B,cond_feature_B,7,1,7,15,15,targ_class2,281.0,-440.0,12.0
29,feature_B,cond_feature_B,7,1,15,16,16,targ_class1,325.0,-211.0,12.63
29,feature_B,cond_feature_B,7,1,23,17,17,targ_class1,325.0,-10.0,13.5
29,feature_B,cond_feature_B,7,1,24,18,18,targ_class1,472.0,5.0,14.12
29,feature_B,cond_feature_B,7,1,39,19,19,targ_class1,303.0,471.0,15.35
29,feature_B,cond_feature_B,7,1,40,20,20,targ_class1,460.0,435.0,16.48
29,feature_B,cond_feature_B,4,1,20,1,1,targ_class1,-41.0,9.0,1.04
29,feature_B,cond_feature_B,4,1,17,2,2,targ_class1,-454.0,18.0,1.8
29,feature_B,cond_feature_B,4,1,18,3,3,targ_class2,-317.0,-5.0,2.33
29,feature_B,cond_feature_B,4,1,10,4,4,targ_class1,-360.0,-203.0,2.87
29,feature_B,cond_feature_B,4,1,9,5,5,targ_class1,-454.0,-249.0,3.53
29,feature_B,cond_feature_B,4,1,2,6,6,targ_class1,-337.0,-414.0,4.07
29,feature_B,cond_feature_B,4,1,3,7,7,targ_class1,-188.0,-437.0,4.6
29,feature_B,cond_feature_B,4,1,11,8,8,targ_class1,-192.0,-201.0,5.23
29,feature_B,cond_feature_B,4,1,12,9,9,targ_class1,-63.0,-193.0,5.7
29,feature_B,cond_feature_B,4,1,13,10,10,targ_class1,56.0,-195.0,6.37
29,feature_B,cond_feature_B,4,1,26,11,11,targ_class2,-331.0,243.0,7.3
29,feature_B,cond_feature_B,4,1,28,12,12,targ_class2,-76.0,209.0,7.97
29,feature_B,cond_feature_B,4,1,37,13,13,targ_class1,44.0,423.0,9.0
29,feature_B,cond_feature_B,4,1,30,14,14,targ_class1,175.0,234.0,9.64
29,feature_B,cond_feature_B,4,1,21,15,15,targ_class1,84.0,-0.0,10.47
29,feature_B,cond_feature_B,4,1,23,16,16,targ_class1,321.0,-18.0,11.13
29,feature_B,cond_feature_B,4,1,31,17,17,targ_class1,329.0,213.0,11.92
29,feature_B,cond_feature_B,4,1,22,18,18,targ_class2,191.0,17.0,12.52
29,feature_B,cond_feature_B,4,1,7,19,19,targ_class1,320.0,-427.0,13.5
29,feature_B,cond_feature_B,4,1,40,20,20,targ_class2,459.0,405.0,15.38
29,feature_B,cond_feature_B,3,1,19,1,1,targ_class2,-191.0,-11.0,1.73
29,feature_B,cond_feature_B,3,1,34,2,2,targ_class2,-335.0,427.0,2.97
29,feature_B,cond_feature_B,3,1,22,3,3,targ_class2,149.0,-6.0,3.87
29,feature_B,cond_feature_B,3,1,39,4,4,targ_class2,332.0,440.0,4.9
29,feature_B,cond_feature_B,3,1,8,5,5,targ_class2,446.0,-431.0,5.9
29,feature_B,cond_feature_B,3,1,1,6,6,targ_class1,-438.0,-425.0,6.87
29,feature_B,cond_feature_B,3,1,10,7,7,targ_class1,-320.0,-207.0,7.67
29,feature_B,cond_feature_B,3,1,17,8,8,targ_class1,-493.0,-8.0,8.43
29,feature_B,cond_feature_B,3,1,25,9,9,targ_class1,-448.0,222.0,9.3
29,feature_B,cond_feature_B,3,1,33,10,10,targ_class1,-462.0,408.0,10.03
29,feature_B,cond_feature_B,3,1,35,11,11,targ_class1,-234.0,429.0,10.63
29,feature_B,cond_feature_B,3,1,27,12,12,targ_class1,-176.0,222.0,11.4
29,feature_B,cond_feature_B,3,1,18,13,13,targ_class1,-297.0,15.0,12.1
29,feature_B,cond_feature_B,3,1,20,14,14,targ_class1,-84.0,29.0,12.7
29,feature_B,cond_feature_B,3,1,36,15,15,targ_class1,-80.0,422.0,13.6
29,feature_B,cond_feature_B,3,1,37,16,16,targ_class1,42.0,447.0,14.33
29,feature_B,cond_feature_B,3,1,13,17,17,targ_class1,32.0,-232.0,15.35
29,feature_B,cond_feature_B,3,1,14,18,18,targ_class1,199.0,-204.0,15.9
29,feature_B,cond_feature_B,3,1,23,19,19,targ_class1,318.0,-30.0,16.53
29,feature_B,cond_feature_B,3,1,32,20,20,targ_class1,484.0,185.0,17.3
29,feature_B,cond_feature_B,2,1,26,1,1,targ_class2,-305.0,191.0,1.6
29,feature_B,cond_feature_B,2,1,27,2,2,targ_class2,-217.0,217.0,2.0
29,feature_B,cond_feature_B,2,1,33,3,3,targ_class2,-470.0,414.0,3.0
29,feature_B,cond_feature_B,2,1,34,4,4,targ_class1,-316.0,443.0,3.57
29,feature_B,cond_feature_B,2,1,17,5,5,targ_class1,-477.0,5.0,4.4
29,feature_B,cond_feature_B,2,1,10,6,6,targ_class2,-332.0,-237.0,5.23
29,feature_B,cond_feature_B,2,1,2,7,7,targ_class1,-334.0,-427.0,5.77
29,feature_B,cond_feature_B,2,1,3,8,8,targ_class1,-205.0,-436.0,6.2
29,feature_B,cond_feature_B,2,1,4,9,9,targ_class1,-81.0,-441.0,7.1
29,feature_B,cond_feature_B,2,1,12,10,10,targ_class1,-67.0,-243.0,7.77
29,feature_B,cond_feature_B,2,1,19,11,11,targ_class1,-215.0,8.0,8.57
29,feature_B,cond_feature_B,2,1,37,12,12,targ_class1,74.0,408.0,10.55
29,feature_B,cond_feature_B,2,1,21,13,13,targ_class1,97.0,-10.0,11.22
29,feature_B,cond_feature_B,2,1,14,14,14,targ_class1,197.0,-201.0,11.95
29,feature_B,cond_feature_B,2,1,15,15,15,targ_class2,323.0,-231.0,12.55
29,feature_B,cond_feature_B,2,1,23,16,16,targ_class1,325.0,26.0,13.13
29,feature_B,cond_feature_B,2,1,22,17,17,targ_class1,223.0,32.0,13.6
29,feature_B,cond_feature_B,2,1,31,18,18,targ_class1,341.0,200.0,14.3
29,feature_B,cond_feature_B,2,1,32,19,19,targ_class1,456.0,227.0,14.72
29,feature_B,cond_feature_B,2,1,40,20,20,targ_class1,434.0,408.0,15.45
29,feature_B,cond_feature_B,8,1,18,1,1,targ_class1,-334.0,-21.0,2.0
29,feature_B,cond_feature_B,8,1,17,2,2,targ_class1,-421.0,-10.0,2.43
29,feature_B,cond_feature_B,8,1,25,3,3,targ_class2,-459.0,219.0,2.97
29,feature_B,cond_feature_B,8,1,34,4,4,targ_class2,-333.0,439.0,3.84
29,feature_B,cond_feature_B,8,1,37,5,5,targ_class2,104.0,474.0,4.7
29,feature_B,cond_feature_B,8,1,38,6,6,targ_class2,146.0,416.0,5.5
29,feature_B,cond_feature_B,8,1,28,7,7,targ_class1,-67.0,239.0,6.17
29,feature_B,cond_feature_B,8,1,27,8,8,targ_class1,-174.0,206.0,6.7
29,feature_B,cond_feature_B,8,1,36,9,9,targ_class1,-70.0,422.0,7.44
29,feature_B,cond_feature_B,8,1,11,10,10,targ_class1,-197.0,-219.0,8.53
29,feature_B,cond_feature_B,8,1,2,11,11,targ_class1,-341.0,-428.0,9.3
29,feature_B,cond_feature_B,8,1,12,12,12,targ_class2,-92.0,-215.0,10.08
29,feature_B,cond_feature_B,8,1,5,13,13,targ_class1,25.0,-465.0,10.85
29,feature_B,cond_feature_B,8,1,13,14,14,targ_class1,60.0,-195.0,11.7
29,feature_B,cond_feature_B,8,1,21,15,15,targ_class1,75.0,-10.0,12.23
29,feature_B,cond_feature_B,8,1,23,16,16,targ_class1,358.0,13.0,13.02
29,feature_B,cond_feature_B,8,1,7,17,17,targ_class1,348.0,-441.0,13.85
29,feature_B,cond_feature_B,8,1,8,18,18,targ_class1,465.0,-424.0,14.52
29,feature_B,cond_feature_B,8,1,39,19,19,targ_class1,311.0,428.0,15.8
29,feature_B,cond_feature_B,8,1,40,20,20,targ_class1,475.0,460.0,16.58
29,feature_B,cond_feature_B,1,1,17,1,1,targ_class2,-470.0,-55.0,1.47
29,feature_B,cond_feature_B,1,1,2,2,2,targ_class2,-337.0,-435.0,2.23
29,feature_B,cond_feature_B,1,1,1,3,3,targ_class1,-451.0,-464.0,2.77
29,feature_B,cond_feature_B,1,1,4,4,4,targ_class1,-61.0,-420.0,3.53
29,feature_B,cond_feature_B,1,1,11,5,5,targ_class1,-167.0,-181.0,4.23
29,feature_B,cond_feature_B,1,1,20,6,6,targ_class1,-72.0,-0.0,5.0
29,feature_B,cond_feature_B,1,1,25,7,7,targ_class1,-476.0,231.0,6.03
29,feature_B,cond_feature_B,1,1,33,8,8,targ_class1,-479.0,430.0,6.7
29,feature_B,cond_feature_B,1,1,34,9,9,targ_class2,-306.0,440.0,7.4
29,feature_B,cond_feature_B,1,1,35,10,10,targ_class2,-219.0,436.0,8.03
29,feature_B,cond_feature_B,1,1,37,11,11,targ_class1,59.0,434.0,8.77
29,feature_B,cond_feature_B,1,1,38,12,12,targ_class1,211.0,402.0,9.6
29,feature_B,cond_feature_B,1,1,40,13,13,targ_class1,468.0,437.0,10.72
29,feature_B,cond_feature_B,1,1,21,14,14,targ_class2,60.0,-7.0,13.5
29,feature_B,cond_feature_B,1,1,13,15,15,targ_class1,62.0,-210.0,14.1
29,feature_B,cond_feature_B,1,1,14,16,16,targ_class1,195.0,-204.0,14.93
29,feature_B,cond_feature_B,1,1,22,17,17,targ_class1,209.0,-9.0,15.58
29,feature_B,cond_feature_B,1,1,23,18,18,targ_class1,318.0,9.0,16.1
29,feature_B,cond_feature_B,1,1,16,19,19,targ_class1,485.0,-191.0,17.05
29,feature_B,cond_feature_B,1,1,7,20,20,targ_class1,350.0,-474.0,17.91
29,feature_AB,cond_feature_AB,6,1,26,1,1,targ_class2,-340.0,212.0,1.4
29,feature_AB,cond_feature_AB,6,1,25,2,2,targ_class1,-471.0,208.0,2.0
29,feature_AB,cond_feature_AB,6,1,34,3,3,targ_class2,-320.0,416.0,2.67
29,feature_AB,cond_feature_AB,6,1,35,4,4,targ_class1,-197.0,432.0,3.34
29,feature_AB,cond_feature_AB,6,1,36,5,5,targ_class1,-77.0,412.0,3.8
29,feature_AB,cond_feature_AB,6,1,27,6,6,targ_class2,-171.0,196.0,4.6
29,feature_AB,cond_feature_AB,6,1,19,7,7,targ_class1,-200.0,23.0,5.47
29,feature_AB,cond_feature_AB,6,1,10,8,8,targ_class1,-359.0,-212.0,6.47
29,feature_AB,cond_feature_AB,6,1,1,9,9,targ_class1,-467.0,-425.0,7.3
29,feature_AB,cond_feature_AB,6,1,2,10,10,targ_class2,-366.0,-412.0,7.77
29,feature_AB,cond_feature_AB,6,1,3,11,11,targ_class2,-191.0,-439.0,8.27
29,feature_AB,cond_feature_AB,6,1,14,12,12,targ_class2,209.0,-218.0,9.5
29,feature_AB,cond_feature_AB,6,1,7,13,13,targ_class2,273.0,-465.0,10.18
29,feature_AB,cond_feature_AB,6,1,8,14,14,targ_class2,472.0,-448.0,10.75
29,feature_AB,cond_feature_AB,6,1,16,15,15,targ_class2,486.0,-199.0,11.47
29,feature_AB,cond_feature_AB,6,1,21,16,16,targ_class1,75.0,-27.0,12.1
29,feature_AB,cond_feature_AB,6,1,20,17,17,targ_class1,-53.0,7.0,12.72
29,feature_AB,cond_feature_AB,6,1,29,18,18,targ_class1,94.0,243.0,13.48
29,feature_AB,cond_feature_AB,6,1,38,19,19,targ_class1,174.0,457.0,14.53
29,feature_AB,cond_feature_AB,6,1,40,20,20,targ_class2,422.0,413.0,15.18
29,feature_AB,cond_feature_AB,3,1,26,1,1,targ_class2,-320.0,196.0,1.5
29,feature_AB,cond_feature_AB,3,1,28,2,2,targ_class2,-89.0,183.0,2.24
29,feature_AB,cond_feature_AB,3,1,19,3,3,targ_class2,-177.0,-1.0,2.83
29,feature_AB,cond_feature_AB,3,1,21,4,4,targ_class2,26.0,-4.0,3.4
29,feature_AB,cond_feature_AB,3,1,4,5,5,targ_class2,-49.0,-407.0,4.33
29,feature_AB,cond_feature_AB,3,1,3,6,6,targ_class1,-198.0,-409.0,4.93
29,feature_AB,cond_feature_AB,3,1,10,7,7,targ_class1,-315.0,-187.0,5.67
29,feature_AB,cond_feature_AB,3,1,35,8,8,targ_class2,-186.0,430.0,6.6
29,feature_AB,cond_feature_AB,3,1,36,9,9,targ_class1,-120.0,417.0,7.04
29,feature_AB,cond_feature_AB,3,1,33,10,10,targ_class1,-456.0,473.0,8.07
29,feature_AB,cond_feature_AB,3,1,29,11,11,targ_class1,68.0,201.0,9.37
29,feature_AB,cond_feature_AB,3,1,38,12,12,targ_class1,208.0,425.0,10.0
29,feature_AB,cond_feature_AB,3,1,39,13,13,targ_class1,343.0,416.0,10.9
29,feature_AB,cond_feature_AB,3,1,22,14,14,targ_class1,192.0,35.0,11.83
29,feature_AB,cond_feature_AB,3,1,15,15,15,targ_class2,297.0,-171.0,12.62
29,feature_AB,cond_feature_AB,3,1,6,16,16,targ_class2,182.0,-460.0,13.28
29,feature_AB,cond_feature_AB,3,1,5,17,17,targ_class2,37.0,-446.0,13.78
29,feature_AB,cond_feature_AB,3,1,7,18,18,targ_class2,315.0,-417.0,14.42
29,feature_AB,cond_feature_AB,3,1,8,19,19,targ_class1,451.0,-433.0,14.83
29,feature_AB,cond_feature_AB,3,1,24,20,20,targ_class1,486.0,-11.0,15.48
29,feature_AB,cond_feature_AB,7,1,17,1,1,targ_class2,-428.0,13.0,1.35
29,feature_AB,cond_feature_AB,7,1,9,2,2,targ_class2,-414.0,-249.0,2.08
29,feature_AB,cond_feature_AB,7,1,11,3,3,targ_class2,-175.0,-220.0,3.55
29,feature_AB,cond_feature_AB,7,1,12,4,4,targ_class2,-76.0,-187.0,3.92
29,feature_AB,cond_feature_AB,7,1,4,5,5,targ_class2,-88.0,-437.0,4.48
29,feature_AB,cond_feature_AB,7,1,13,6,6,targ_class2,107.0,-212.0,5.18
29,feature_AB,cond_feature_AB,7,1,8,7,7,targ_class1,458.0,-424.0,6.25
29,feature_AB,cond_feature_AB,7,1,21,8,8,targ_class2,87.0,13.0,8.22
29,feature_AB,cond_feature_AB,7,1,22,9,9,targ_class1,173.0,-11.0,8.78
29,feature_AB,cond_feature_AB,7,1,19,10,10,targ_class1,-157.0,-11.0,9.65
29,feature_AB,cond_feature_AB,7,1,27,11,11,targ_class1,-187.0,184.0,10.28
29,feature_AB,cond_feature_AB,7,1,26,12,12,targ_class1,-312.0,206.0,10.75
29,feature_AB,cond_feature_AB,7,1,34,13,13,targ_class2,-356.0,413.0,11.57
29,feature_AB,cond_feature_AB,7,1,33,14,14,targ_class1,-453.0,472.0,12.18
29,feature_AB,cond_feature_AB,7,1,36,15,15,targ_class2,-54.0,387.0,12.9
29,feature_AB,cond_feature_AB,7,1,37,16,16,targ_class1,41.0,449.0,13.38
29,feature_AB,cond_feature_AB,7,1,39,17,17,targ_class2,335.0,391.0,14.18
29,feature_AB,cond_feature_AB,7,1,40,18,18,targ_class1,496.0,430.0,14.93
29,feature_AB,cond_feature_AB,7,1,31,19,19,targ_class1,332.0,230.0,15.62
29,feature_AB,cond_feature_AB,7,1,24,20,20,targ_class1,485.0,-23.0,16.38
29,feature_AB,cond_feature_AB,9,1,19,1,1,targ_class1,-164.0,28.0,1.47
29,feature_AB,cond_feature_AB,9,1,18,2,2,targ_class1,-323.0,-33.0,2.13
29,feature_AB,cond_feature_AB,9,1,10,3,3,targ_class1,-375.0,-216.0,2.73
29,feature_AB,cond_feature_AB,9,1,26,4,4,targ_class2,-324.0,229.0,3.43
29,feature_AB,cond_feature_AB,9,1,27,5,5,targ_class2,-172.0,214.0,4.03
29,feature_AB,cond_feature_AB,9,1,34,6,6,targ_class2,-332.0,414.0,4.64
29,feature_AB,cond_feature_AB,9,1,25,7,7,targ_class1,-449.0,205.0,5.37
29,feature_AB,cond_feature_AB,9,1,4,8,8,targ_class2,-107.0,-424.0,7.43
29,feature_AB,cond_feature_AB,9,1,3,9,9,targ_class2,-191.0,-402.0,8.0
29,feature_AB,cond_feature_AB,9,1,11,10,10,targ_class2,-170.0,-233.0,8.53
29,feature_AB,cond_feature_AB,9,1,13,11,11,targ_class1,83.0,-229.0,9.9
29,feature_AB,cond_feature_AB,9,1,6,12,12,targ_class1,181.0,-434.0,10.5
29,feature_AB,cond_feature_AB,9,1,7,13,13,targ_class2,310.0,-411.0,11.23
29,feature_AB,cond_feature_AB,9,1,15,14,14,targ_class1,330.0,-230.0,11.92
29,feature_AB,cond_feature_AB,9,1,23,15,15,targ_class1,300.0,-7.0,12.63
29,feature_AB,cond_feature_AB,9,1,24,16,16,targ_class1,476.0,-13.0,13.53
29,feature_AB,cond_feature_AB,9,1,36,17,17,targ_class2,-58.0,438.0,15.6
29,feature_AB,cond_feature_AB,9,1,22,18,18,targ_class2,180.0,-15.0,16.6
29,feature_AB,cond_feature_AB,9,1,31,19,19,targ_class2,306.0,194.0,17.33
29,feature_AB,cond_feature_AB,9,1,38,20,20,targ_class1,205.0,432.0,18.45
29,feature_AB,cond_feature_AB,0,1,28,1,1,targ_class1,-46.0,209.0,1.34
29,feature_AB,cond_feature_AB,0,1,29,2,2,targ_class2,11.0,210.0,1.7
29,feature_AB,cond_feature_AB,0,1,33,0,0,dist_class1,-463.0,461.0,2.64
29,feature_AB,cond_feature_AB,0,2,25,1,1,targ_class2,-462.0,211.0,1.2
29,feature_AB,cond_feature_AB,0,2,17,2,2,targ_class2,-470.0,-3.0,1.83
29,feature_AB,cond_feature_AB,0,2,9,3,3,targ_class1,-464.0,-209.0,2.43
29,feature_AB,cond_feature_AB,0,2,10,4,4,targ_class1,-309.0,-229.0,2.97
29,feature_AB,cond_feature_AB,0,2,11,5,5,targ_class2,-226.0,-219.0,5.53
29,feature_AB,cond_feature_AB,0,2,3,6,6,targ_class1,-184.0,-447.0,6.33
29,feature_AB,cond_feature_AB,0,2,4,7,7,targ_class1,-42.0,-438.0,6.9
29,feature_AB,cond_feature_AB,0,2,12,8,8,targ_class1,-41.0,-228.0,7.57
29,feature_AB,cond_feature_AB,0,2,26,9,9,targ_class1,-311.0,187.0,9.1
29,feature_AB,cond_feature_AB,0,2,27,10,10,targ_class2,-197.0,220.0,9.73
29,feature_AB,cond_feature_AB,0,2,35,11,11,targ_class2,-197.0,426.0,10.57
29,feature_AB,cond_feature_AB,0,2,29,12,12,targ_class2,51.0,234.0,12.73
29,feature_AB,cond_feature_AB,0,2,38,13,13,targ_class1,169.0,456.0,13.67
29,feature_AB,cond_feature_AB,0,2,31,14,14,targ_class1,312.0,188.0,15.88
29,feature_AB,cond_feature_AB,0,2,39,15,15,targ_class2,309.0,431.0,16.57
29,feature_AB,cond_feature_AB,0,2,23,16,16,targ_class2,328.0,-14.0,17.53
29,feature_AB,cond_feature_AB,0,2,15,17,17,targ_class2,275.0,-204.0,18.18
29,feature_AB,cond_feature_AB,0,2,6,18,18,targ_class1,194.0,-431.0,20.13
29,feature_AB,cond_feature_AB,0,2,7,19,19,targ_class1,287.0,-411.0,20.61
29,feature_AB,cond_feature_AB,0,2,8,20,20,targ_class2,450.0,-421.0,21.25
29,feature_AB,cond_feature_AB,4,1,18,1,1,targ_class1,-303.0,-9.0,2.13
29,feature_AB,cond_feature_AB,4,1,19,2,2,targ_class2,-188.0,-26.0,2.9
29,feature_AB,cond_feature_AB,4,1,17,3,3,targ_class2,-431.0,-1.0,3.47
29,feature_AB,cond_feature_AB,4,1,27,4,4,targ_class1,-193.0,202.0,4.2
29,feature_AB,cond_feature_AB,4,1,34,5,5,targ_class2,-307.0,419.0,5.2
29,feature_AB,cond_feature_AB,4,1,37,6,6,targ_class2,0.0,396.0,6.17
29,feature_AB,cond_feature_AB,4,1,28,7,7,targ_class2,-51.0,243.0,7.0
29,feature_AB,cond_feature_AB,4,1,38,8,8,targ_class1,166.0,442.0,7.73
29,feature_AB,cond_feature_AB,4,1,40,9,9,targ_class1,484.0,419.0,8.47
29,feature_AB,cond_feature_AB,4,1,21,10,10,targ_class1,86.0,27.0,9.3
29,feature_AB,cond_feature_AB,4,1,22,11,11,targ_class2,224.0,-5.0,9.9
29,feature_AB,cond_feature_AB,4,1,32,12,12,targ_class2,463.0,182.0,10.64
29,feature_AB,cond_feature_AB,4,1,24,13,13,targ_class1,491.0,-25.0,11.2
29,feature_AB,cond_feature_AB,4,1,13,14,14,targ_class1,75.0,-217.0,12.6
29,feature_AB,cond_feature_AB,4,1,11,15,15,targ_class1,-175.0,-244.0,13.27
29,feature_AB,cond_feature_AB,4,1,3,16,16,targ_class1,-195.0,-418.0,14.15
29,feature_AB,cond_feature_AB,4,1,1,17,17,targ_class1,-423.0,-442.0,14.78
29,feature_AB,cond_feature_AB,4,1,2,18,18,targ_class2,-320.0,-392.0,15.4
29,feature_AB,cond_feature_AB,4,1,4,19,19,targ_class2,-74.0,-394.0,16.21
29,feature_AB,cond_feature_AB,4,1,16,20,20,targ_class2,435.0,-196.0,16.85
29,feature_AB,cond_feature_AB,5,1,20,1,1,targ_class2,-54.0,20.0,1.3
29,feature_AB,cond_feature_AB,5,1,21,2,2,targ_class2,75.0,20.0,1.94
29,feature_AB,cond_feature_AB,5,1,13,3,3,targ_class2,67.0,-236.0,2.87
29,feature_AB,cond_feature_AB,5,1,5,4,4,targ_class2,28.0,-418.0,3.57
29,feature_AB,cond_feature_AB,5,1,25,5,5,targ_class2,-456.0,217.0,4.43
29,feature_AB,cond_feature_AB,5,1,26,6,6,targ_class2,-318.0,209.0,5.0
29,feature_AB,cond_feature_AB,5,1,30,7,7,targ_class2,180.0,249.0,5.9
29,feature_AB,cond_feature_AB,5,1,23,8,8,targ_class2,337.0,-1.0,6.7
29,feature_AB,cond_feature_AB,5,1,24,9,9,targ_class2,479.0,-11.0,7.1
29,feature_AB,cond_feature_AB,5,1,16,10,10,targ_class2,461.0,-199.0,7.73
29,feature_AB,cond_feature_AB,5,1,33,11,11,targ_class1,-451.0,428.0,9.77
29,feature_AB,cond_feature_AB,5,1,29,12,12,targ_class1,76.0,208.0,10.9
29,feature_AB,cond_feature_AB,5,1,39,13,13,targ_class1,322.0,447.0,11.7
29,feature_AB,cond_feature_AB,5,1,19,14,14,targ_class1,-187.0,39.0,12.63
29,feature_AB,cond_feature_AB,5,1,17,15,15,targ_class1,-458.0,-2.0,13.12
29,feature_AB,cond_feature_AB,5,1,9,16,16,targ_class1,-471.0,-219.0,14.02
29,feature_AB,cond_feature_AB,5,1,10,17,17,targ_class1,-315.0,-227.0,14.88
29,feature_AB,cond_feature_AB,5,1,2,18,18,targ_class1,-303.0,-432.0,15.65
29,feature_AB,cond_feature_AB,5,1,7,19,19,targ_class1,346.0,-420.0,16.88
29,feature_AB,cond_feature_AB,5,1,8,20,20,targ_class1,461.0,-430.0,17.35
29,feature_AB,cond_feature_AB,2,1,27,1,1,targ_class2,-167.0,196.0,1.37
29,feature_AB,cond_feature_AB,2,1,36,2,2,targ_class1,-19.0,421.0,2.34
29,feature_AB,cond_feature_AB,2,1,34,3,3,targ_class2,-307.0,418.0,3.04
29,feature_AB,cond_feature_AB,2,1,37,4,4,targ_class2,70.0,447.0,3.87
29,feature_AB,cond_feature_AB,2,1,39,5,5,targ_class2,317.0,423.0,4.67
29,feature_AB,cond_feature_AB,2,1,40,6,6,targ_class1,452.0,437.0,5.34
29,feature_AB,cond_feature_AB,2,1,31,7,7,targ_class2,349.0,206.0,5.9
29,feature_AB,cond_feature_AB,2,1,18,8,8,targ_class1,-352.0,49.0,6.7
29,feature_AB,cond_feature_AB,2,1,17,9,9,targ_class1,-484.0,29.0,7.77
29,feature_AB,cond_feature_AB,2,1,23,10,10,targ_class2,329.0,-12.0,8.9
29,feature_AB,cond_feature_AB,2,1,24,11,11,targ_class1,476.0,-8.0,9.6
29,feature_AB,cond_feature_AB,2,1,13,12,12,targ_class2,72.0,-197.0,10.37
29,feature_AB,cond_feature_AB,2,1,10,13,13,targ_class2,-338.0,-213.0,11.1
29,feature_AB,cond_feature_AB,2,1,2,14,14,targ_class2,-308.0,-432.0,12.52
29,feature_AB,cond_feature_AB,2,1,1,15,15,targ_class1,-458.0,-433.0,13.77
29,feature_AB,cond_feature_AB,2,1,12,16,16,targ_class1,-66.0,-217.0,15.52
29,feature_AB,cond_feature_AB,2,1,14,17,17,targ_class1,168.0,-242.0,16.5
29,feature_AB,cond_feature_AB,2,1,6,18,18,targ_class2,199.0,-414.0,17.1
29,feature_AB,cond_feature_AB,2,1,8,19,19,targ_class1,450.0,-387.0,17.83
29,feature_AB,cond_feature_AB,2,1,16,20,20,targ_class1,490.0,-233.0,18.47
29,feature_AB,cond_feature_AB,8,1,35,1,1,targ_class2,-180.0,466.0,1.97
29,feature_AB,cond_feature_AB,8,1,36,2,2,targ_class2,-41.0,415.0,2.84
29,feature_AB,cond_feature_AB,8,1,40,3,3,targ_class2,472.0,449.0,4.14
29,feature_AB,cond_feature_AB,8,1,38,4,4,targ_class1,177.0,424.0,4.9
29,feature_AB,cond_feature_AB,8,1,28,5,5,targ_class1,-107.0,213.0,6.74
29,feature_AB,cond_feature_AB,8,1,22,6,6,targ_class1,209.0,8.0,8.23
29,feature_AB,cond_feature_AB,8,1,19,7,7,targ_class1,-185.0,7.0,9.17
29,feature_AB,cond_feature_AB,8,1,18,8,8,targ_class1,-314.0,7.0,9.6
29,feature_AB,cond_feature_AB,8,1,17,9,9,targ_class2,-470.0,-12.0,10.53
29,feature_AB,cond_feature_AB,8,1,9,10,10,targ_class2,-430.0,-209.0,11.1
29,feature_AB,cond_feature_AB,8,1,10,11,11,targ_class1,-311.0,-213.0,11.6
29,feature_AB,cond_feature_AB,8,1,1,12,12,targ_class1,-453.0,-400.0,12.43
29,feature_AB,cond_feature_AB,8,1,2,13,13,targ_class2,-323.0,-398.0,12.92
29,feature_AB,cond_feature_AB,8,1,11,14,14,targ_class1,-198.0,-195.0,13.6
29,feature_AB,cond_feature_AB,8,1,21,15,15,targ_class2,49.0,-18.0,14.33
29,feature_AB,cond_feature_AB,8,1,24,16,16,targ_class2,439.0,18.0,15.28
29,feature_AB,cond_feature_AB,8,1,16,17,17,targ_class2,479.0,-145.0,15.82
29,feature_AB,cond_feature_AB,8,1,5,18,18,targ_class2,78.0,-407.0,16.67
29,feature_AB,cond_feature_AB,8,1,6,19,19,targ_class1,195.0,-423.0,17.23
29,feature_AB,cond_feature_AB,8,1,7,20,20,targ_class1,279.0,-422.0,17.65
29,feature_AB,cond_feature_AB,1,1,18,1,1,targ_class2,-322.0,-18.0,1.9
29,feature_AB,cond_feature_AB,1,1,19,2,2,targ_class2,-211.0,4.0,2.37
29,feature_AB,cond_feature_AB,1,1,26,3,3,targ_class2,-316.0,212.0,2.9
29,feature_AB,cond_feature_AB,1,1,25,4,4,targ_class2,-462.0,232.0,3.37
29,feature_AB,cond_feature_AB,1,1,34,5,5,targ_class2,-356.0,414.0,4.17
29,feature_AB,cond_feature_AB,1,1,37,6,6,targ_class2,82.0,426.0,5.17
29,feature_AB,cond_feature_AB,1,1,30,7,7,targ_class2,196.0,211.0,5.97
29,feature_AB,cond_feature_AB,1,1,23,8,8,targ_class2,289.0,8.0,6.57
29,feature_AB,cond_feature_AB,1,1,16,9,9,targ_class2,425.0,-222.0,7.67
29,feature_AB,cond_feature_AB,1,1,5,10,10,targ_class2,40.0,-439.0,8.77
29,feature_AB,cond_feature_AB,1,1,4,11,11,targ_class1,-64.0,-424.0,9.4
29,feature_AB,cond_feature_AB,1,1,11,12,12,targ_class1,-214.0,-208.0,10.1
29,feature_AB,cond_feature_AB,1,1,12,13,13,targ_class1,-71.0,-225.0,10.63
29,feature_AB,cond_feature_AB,1,1,20,14,14,targ_class1,-76.0,8.0,11.57
29,feature_AB,cond_feature_AB,1,1,28,15,15,targ_class1,-101.0,215.0,12.45
29,feature_AB,cond_feature_AB,1,1,38,16,16,targ_class1,204.0,415.0,14.02
29,feature_AB,cond_feature_AB,1,1,32,17,17,targ_class1,475.0,263.0,14.6
29,feature_AB,cond_feature_AB,1,1,15,18,18,targ_class1,302.0,-204.0,15.45
29,feature_AB,cond_feature_AB,1,1,14,19,19,targ_class1,227.0,-240.0,15.93
29,feature_AB,cond_feature_AB,1,1,6,20,20,targ_class1,177.0,-433.0,16.51
29,feature_A,cond_feature_A,5,1,26,1,1,targ_class2,-302.0,188.0,1.3
29,feature_A,cond_feature_A,5,1,27,2,2,targ_class2,-172.0,230.0,1.87
29,feature_A,cond_feature_A,5,1,18,3,3,targ_class1,-302.0,32.0,2.43
29,feature_A,cond_feature_A,5,1,17,4,4,targ_class1,-436.0,-15.0,2.93
29,feature_A,cond_feature_A,5,1,11,5,5,targ_class2,-218.0,-233.0,4.0
29,feature_A,cond_feature_A,5,1,12,6,6,targ_class2,-60.0,-208.0,4.57
29,feature_A,cond_feature_A,5,1,13,7,7,targ_class2,49.0,-227.0,4.93
29,feature_A,cond_feature_A,5,1,4,8,8,targ_class1,-28.0,-416.0,5.57
29,feature_A,cond_feature_A,5,1,9,9,9,targ_class2,-477.0,-222.0,6.43
29,feature_A,cond_feature_A,5,1,36,10,10,targ_class2,-99.0,432.0,9.07
29,feature_A,cond_feature_A,5,1,37,11,11,targ_class2,57.0,446.0,9.77
29,feature_A,cond_feature_A,5,1,38,12,12,targ_class2,215.0,412.0,10.37
29,feature_A,cond_feature_A,5,1,39,13,13,targ_class1,325.0,465.0,10.84
29,feature_A,cond_feature_A,5,1,31,14,14,targ_class2,309.0,224.0,11.43
29,feature_A,cond_feature_A,5,1,29,15,15,targ_class2,28.0,185.0,12.13
29,feature_A,cond_feature_A,5,1,14,16,16,targ_class1,187.0,-219.0,13.23
29,feature_A,cond_feature_A,5,1,15,17,17,targ_class2,307.0,-233.0,14.53
29,feature_A,cond_feature_A,5,1,16,18,18,targ_class2,461.0,-226.0,15.0
29,feature_A,cond_feature_A,5,1,8,19,19,targ_class2,443.0,-406.0,15.55
29,feature_A,cond_feature_A,5,1,23,20,20,targ_class2,342.0,-9.0,16.4
29,feature_A,cond_feature_A,9,1,17,1,1,targ_class2,-476.0,-28.0,1.37
29,feature_A,cond_feature_A,9,1,18,2,2,targ_class2,-340.0,-17.0,1.77
29,feature_A,cond_feature_A,9,1,19,3,3,targ_class2,-182.0,0.0,2.2
29,feature_A,cond_feature_A,9,1,27,4,4,targ_class2,-156.0,204.0,3.27
29,feature_A,cond_feature_A,9,1,28,5,5,targ_class1,-82.0,237.0,4.07
29,feature_A,cond_feature_A,9,1,36,6,6,targ_class2,-49.0,424.0,5.07
29,feature_A,cond_feature_A,9,1,30,7,7,targ_class2,198.0,232.0,6.07
29,feature_A,cond_feature_A,9,1,31,8,8,targ_class2,310.0,193.0,6.74
29,feature_A,cond_feature_A,9,1,21,9,9,targ_class2,58.0,-6.0,7.53
29,feature_A,cond_feature_A,9,1,12,10,10,targ_class2,-84.0,-233.0,8.37
29,feature_A,cond_feature_A,9,1,2,11,11,targ_class2,-336.0,-418.0,9.0
29,feature_A,cond_feature_A,9,1,1,12,12,targ_class1,-473.0,-393.0,9.63
29,feature_A,cond_feature_A,9,1,3,13,13,targ_class1,-219.0,-419.0,10.23
29,feature_A,cond_feature_A,9,1,13,14,14,targ_class1,51.0,-206.0,11.03
29,feature_A,cond_feature_A,9,1,14,15,15,targ_class2,195.0,-212.0,11.73
29,feature_A,cond_feature_A,9,1,15,16,16,targ_class2,304.0,-243.0,12.22
29,feature_A,cond_feature_A,9,1,7,17,17,targ_class2,289.0,-435.0,12.75
29,feature_A,cond_feature_A,9,1,23,18,18,targ_class1,336.0,16.0,13.68
29,feature_A,cond_feature_A,9,1,39,19,19,targ_class2,329.0,444.0,14.48
29,feature_A,cond_feature_A,9,1,40,20,20,targ_class2,462.0,442.0,14.95
29,feature_A,cond_feature_A,4,1,18,1,1,targ_class2,-303.0,-37.0,1.2
29,feature_A,cond_feature_A,4,1,19,2,2,targ_class2,-197.0,-36.0,1.8
29,feature_A,cond_feature_A,4,1,10,3,3,targ_class2,-326.0,-179.0,2.33
29,feature_A,cond_feature_A,4,1,25,4,4,targ_class2,-474.0,185.0,3.17
29,feature_A,cond_feature_A,4,1,33,5,5,targ_class2,-454.0,440.0,3.97
29,feature_A,cond_feature_A,4,1,35,6,6,targ_class2,-186.0,426.0,4.47
29,feature_A,cond_feature_A,4,1,27,7,7,targ_class2,-209.0,229.0,5.03
29,feature_A,cond_feature_A,4,1,28,8,8,targ_class1,-80.0,194.0,5.43
29,feature_A,cond_feature_A,4,1,20,9,9,targ_class1,-39.0,-8.0,6.47
29,feature_A,cond_feature_A,4,1,29,10,10,targ_class2,62.0,263.0,7.07
29,feature_A,cond_feature_A,4,1,37,11,11,targ_class1,69.0,435.0,7.67
29,feature_A,cond_feature_A,4,1,36,12,12,targ_class1,-48.0,431.0,8.13
29,feature_A,cond_feature_A,4,1,1,13,13,targ_class1,-455.0,-442.0,9.73
29,feature_A,cond_feature_A,4,1,13,14,14,targ_class2,66.0,-234.0,11.55
29,feature_A,cond_feature_A,4,1,14,15,15,targ_class2,226.0,-207.0,12.08
29,feature_A,cond_feature_A,4,1,7,16,16,targ_class2,335.0,-446.0,12.68
29,feature_A,cond_feature_A,4,1,8,17,17,targ_class2,502.0,-416.0,13.17
29,feature_A,cond_feature_A,4,1,23,18,18,targ_class2,329.0,25.0,14.4
29,feature_A,cond_feature_A,4,1,39,19,19,targ_class2,341.0,423.0,15.28
29,feature_A,cond_feature_A,4,1,32,20,20,targ_class2,447.0,194.0,15.98
29,feature_A,cond_feature_A,7,1,20,1,1,targ_class1,-46.0,17.0,1.2
29,feature_A,cond_feature_A,7,1,15,2,2,targ_class1,279.0,-211.0,1.97
29,feature_A,cond_feature_A,7,1,16,3,3,targ_class1,413.0,-197.0,2.4
29,feature_A,cond_feature_A,7,1,6,4,4,targ_class1,233.0,-430.0,3.1
29,feature_A,cond_feature_A,7,1,7,5,5,targ_class2,318.0,-404.0,3.57
29,feature_A,cond_feature_A,7,1,4,6,6,targ_class2,-72.0,-451.0,4.43
29,feature_A,cond_feature_A,7,1,2,7,7,targ_class2,-311.0,-443.0,5.0
29,feature_A,cond_feature_A,7,1,9,8,8,targ_class2,-448.0,-211.0,5.83
29,feature_A,cond_feature_A,7,1,11,9,9,targ_class2,-196.0,-210.0,6.6
29,feature_A,cond_feature_A,7,1,12,10,10,targ_class2,-42.0,-264.0,7.3
29,feature_A,cond_feature_A,7,1,27,11,11,targ_class2,-249.0,169.0,8.3
29,feature_A,cond_feature_A,7,1,26,12,12,targ_class2,-330.0,223.0,8.7
29,feature_A,cond_feature_A,7,1,25,13,13,targ_class2,-452.0,217.0,9.35
29,feature_A,cond_feature_A,7,1,28,14,14,targ_class2,-75.0,206.0,10.45
29,feature_A,cond_feature_A,7,1,22,15,15,targ_class2,194.0,-8.0,11.18
29,feature_A,cond_feature_A,7,1,23,16,16,targ_class2,338.0,1.0,11.6
29,feature_A,cond_feature_A,7,1,24,17,17,targ_class2,447.0,-53.0,12.25
29,feature_A,cond_feature_A,7,1,38,18,18,targ_class2,182.0,407.0,13.28
29,feature_A,cond_feature_A,7,1,39,19,19,targ_class1,329.0,445.0,13.72
29,feature_A,cond_feature_A,7,1,40,20,20,targ_class2,438.0,439.0,14.25
29,feature_A,cond_feature_A,6,1,26,1,1,targ_class2,-297.0,207.0,1.24
29,feature_A,cond_feature_A,6,1,25,2,2,targ_class1,-437.0,232.0,1.67
29,feature_A,cond_feature_A,6,1,33,3,3,targ_class2,-444.0,433.0,2.44
29,feature_A,cond_feature_A,6,1,36,4,4,targ_class2,-44.0,390.0,3.3
29,feature_A,cond_feature_A,6,1,29,5,5,targ_class2,23.0,201.0,3.8
29,feature_A,cond_feature_A,6,1,20,6,6,targ_class2,-79.0,11.0,4.37
29,feature_A,cond_feature_A,6,1,19,7,7,targ_class2,-197.0,19.0,4.87
29,feature_A,cond_feature_A,6,1,10,8,8,targ_class2,-314.0,-204.0,5.53
29,feature_A,cond_feature_A,6,1,11,9,9,targ_class2,-178.0,-225.0,6.0
29,feature_A,cond_feature_A,6,1,2,10,10,targ_class2,-309.0,-431.0,6.93
29,feature_A,cond_feature_A,6,1,1,11,11,targ_class2,-453.0,-449.0,7.6
29,feature_A,cond_feature_A,6,1,9,12,12,targ_class1,-447.0,-190.0,8.73
29,feature_A,cond_feature_A,6,1,5,13,13,targ_class1,60.0,-417.0,9.7
29,feature_A,cond_feature_A,6,1,6,14,14,targ_class2,205.0,-455.0,10.22
29,feature_A,cond_feature_A,6,1,8,15,15,targ_class1,462.0,-431.0,10.75
29,feature_A,cond_feature_A,6,1,15,16,16,targ_class2,351.0,-216.0,11.48
29,feature_A,cond_feature_A,6,1,16,17,17,targ_class2,472.0,-227.0,11.83
29,feature_A,cond_feature_A,6,1,30,18,18,targ_class1,211.0,229.0,12.68
29,feature_A,cond_feature_A,6,1,38,19,19,targ_class2,195.0,391.0,13.23
29,feature_A,cond_feature_A,6,1,39,20,20,targ_class2,318.0,424.0,13.68
29,feature_A,cond_feature_A,8,1,19,1,1,targ_class2,-185.0,5.0,1.2
29,feature_A,cond_feature_A,8,1,11,2,2,targ_class2,-195.0,-180.0,1.77
29,feature_A,cond_feature_A,8,1,12,3,3,targ_class2,-75.0,-216.0,2.27
29,feature_A,cond_feature_A,8,1,4,4,4,targ_class2,-53.0,-412.0,3.2
29,feature_A,cond_feature_A,8,1,1,5,5,targ_class2,-487.0,-400.0,4.27
29,feature_A,cond_feature_A,8,1,17,6,6,targ_class2,-478.0,-4.0,5.23
29,feature_A,cond_feature_A,8,1,34,7,7,targ_class2,-354.0,398.0,5.84
29,feature_A,cond_feature_A,8,1,33,8,8,targ_class1,-469.0,410.0,6.4
29,feature_A,cond_feature_A,8,1,28,9,9,targ_class2,-75.0,244.0,7.0
29,feature_A,cond_feature_A,8,1,37,10,10,targ_class2,53.0,387.0,7.6
29,feature_A,cond_feature_A,8,1,21,11,11,targ_class2,62.0,21.0,8.33
29,feature_A,cond_feature_A,8,1,22,12,12,targ_class2,222.0,-11.0,8.8
29,feature_A,cond_feature_A,8,1,24,13,13,targ_class2,423.0,-18.0,9.27
29,feature_A,cond_feature_A,8,1,16,14,14,targ_class1,450.0,-259.0,10.45
29,feature_A,cond_feature_A,8,1,8,15,15,targ_class1,451.0,-428.0,11.18
29,feature_A,cond_feature_A,8,1,7,16,16,targ_class1,342.0,-403.0,11.95
29,feature_A,cond_feature_A,8,1,6,17,17,targ_class2,195.0,-433.0,12.78
29,feature_A,cond_feature_A,8,1,32,18,18,targ_class2,434.0,230.0,14.13
29,feature_A,cond_feature_A,8,1,39,19,19,targ_class1,370.0,438.0,14.65
29,feature_A,cond_feature_A,8,1,40,20,20,targ_class2,455.0,472.0,15.08
29,feature_A,cond_feature_A,3,1,20,1,1,targ_class2,-74.0,13.0,0.94
29,feature_A,cond_feature_A,3,1,21,2,2,targ_class2,52.0,-0.0,1.33
29,feature_A,cond_feature_A,3,1,35,3,3,targ_class2,-179.0,426.0,2.6
29,feature_A,cond_feature_A,3,1,36,4,4,targ_class2,-54.0,417.0,3.07
29,feature_A,cond_feature_A,3,1,37,5,5,targ_class2,50.0,387.0,3.93
29,feature_A,cond_feature_A,3,1,29,6,6,targ_class1,87.0,212.0,4.43
29,feature_A,cond_feature_A,3,1,26,7,7,targ_class1,-330.0,215.0,5.27
29,feature_A,cond_feature_A,3,1,11,8,8,targ_class1,-195.0,-221.0,6.27
29,feature_A,cond_feature_A,3,1,12,9,9,targ_class1,-67.0,-229.0,6.7
29,feature_A,cond_feature_A,3,1,9,10,10,targ_class2,-430.0,-241.0,7.43
29,feature_A,cond_feature_A,3,1,2,11,11,targ_class2,-286.0,-441.0,8.57
29,feature_A,cond_feature_A,3,1,13,12,12,targ_class2,69.0,-224.0,9.6
29,feature_A,cond_feature_A,3,1,14,13,13,targ_class2,186.0,-243.0,10.12
29,feature_A,cond_feature_A,3,1,6,14,14,targ_class2,191.0,-435.0,10.62
29,feature_A,cond_feature_A,3,1,7,15,15,targ_class2,330.0,-453.0,11.4
29,feature_A,cond_feature_A,3,1,8,16,16,targ_class1,466.0,-440.0,11.82
29,feature_A,cond_feature_A,3,1,16,17,17,targ_class2,489.0,-203.0,12.45
29,feature_A,cond_feature_A,3,1,31,18,18,targ_class2,324.0,209.0,13.6
29,feature_A,cond_feature_A,3,1,39,19,19,targ_class2,317.0,429.0,14.58
29,feature_A,cond_feature_A,3,1,40,20,20,targ_class2,484.0,439.0,15.08
29,feature_A,cond_feature_A,1,1,20,1,1,targ_class2,-45.0,-1.0,1.07
29,feature_A,cond_feature_A,1,1,21,2,2,targ_class2,48.0,-5.0,1.43
29,feature_A,cond_feature_A,1,1,27,3,3,targ_class2,-173.0,247.0,2.04
29,feature_A,cond_feature_A,1,1,26,4,4,targ_class2,-328.0,215.0,2.44
29,feature_A,cond_feature_A,1,1,35,5,5,targ_class2,-154.0,412.0,3.67
29,feature_A,cond_feature_A,1,1,36,6,6,targ_class2,-87.0,431.0,3.97
29,feature_A,cond_feature_A,1,1,25,7,7,targ_class2,-426.0,188.0,4.6
29,feature_A,cond_feature_A,1,1,28,8,8,targ_class1,-39.0,223.0,5.43
29,feature_A,cond_feature_A,1,1,13,9,9,targ_class2,62.0,-225.0,6.5
29,feature_A,cond_feature_A,1,1,11,10,10,targ_class2,-198.0,-198.0,7.23
29,feature_A,cond_feature_A,1,1,10,11,11,targ_class2,-329.0,-196.0,7.77
29,feature_A,cond_feature_A,1,1,1,12,12,targ_class2,-466.0,-404.0,8.93
29,feature_A,cond_feature_A,1,1,2,13,13,targ_class2,-341.0,-411.0,9.37
29,feature_A,cond_feature_A,1,1,3,14,14,targ_class2,-164.0,-420.0,10.27
29,feature_A,cond_feature_A,1,1,5,15,15,targ_class2,41.0,-434.0,10.8
29,feature_A,cond_feature_A,1,1,6,16,16,targ_class2,207.0,-424.0,11.3
29,feature_A,cond_feature_A,1,1,16,17,17,targ_class1,463.0,-208.0,12.43
29,feature_A,cond_feature_A,1,1,14,18,18,targ_class1,213.0,-232.0,13.2
29,feature_A,cond_feature_A,1,1,24,19,19,targ_class1,474.0,15.0,15.2
29,feature_A,cond_feature_A,1,1,32,20,20,targ_class1,485.0,181.0,15.97
29,feature_A,cond_feature_A,0,1,28,1,1,targ_class2,-53.0,228.0,1.1
29,feature_A,cond_feature_A,0,1,37,2,2,targ_class2,37.0,452.0,1.84
29,feature_A,cond_feature_A,0,1,36,3,3,targ_class1,-59.0,412.0,2.3
29,feature_A,cond_feature_A,0,1,34,4,4,targ_class1,-335.0,424.0,2.87
29,feature_A,cond_feature_A,0,1,25,5,5,targ_class2,-446.0,207.0,3.4
29,feature_A,cond_feature_A,0,1,17,6,6,targ_class2,-462.0,6.0,3.9
29,feature_A,cond_feature_A,0,1,10,7,7,targ_class1,-343.0,-180.0,4.7
29,feature_A,cond_feature_A,0,1,11,8,8,targ_class1,-192.0,-203.0,5.43
29,feature_A,cond_feature_A,0,1,19,9,9,targ_class1,-186.0,11.0,6.17
29,feature_A,cond_feature_A,0,1,2,10,10,targ_class2,-310.0,-435.0,7.07
29,feature_A,cond_feature_A,0,1,3,11,11,targ_class2,-177.0,-476.0,7.87
29,feature_A,cond_feature_A,0,1,12,12,12,targ_class2,-73.0,-215.0,9.1
29,feature_A,cond_feature_A,0,1,22,13,13,targ_class2,220.0,-0.0,9.87
29,feature_A,cond_feature_A,0,1,15,14,14,targ_class2,289.0,-223.0,10.58
29,feature_A,cond_feature_A,0,1,7,15,15,targ_class2,329.0,-432.0,11.13
29,feature_A,cond_feature_A,0,1,24,16,16,targ_class2,444.0,-37.0,11.87
29,feature_A,cond_feature_A,0,1,31,17,17,targ_class2,304.0,228.0,12.65
29,feature_A,cond_feature_A,0,1,30,18,18,targ_class2,189.0,206.0,13.15
29,feature_A,cond_feature_A,0,1,32,19,19,targ_class2,455.0,228.0,13.73
29,feature_A,cond_feature_A,0,1,38,20,20,targ_class2,211.0,444.0,14.58
29,feature_A,cond_feature_A,2,1,27,1,1,targ_class2,-175.0,197.0,0.87
29,feature_A,cond_feature_A,2,1,28,2,2,targ_class2,-95.0,242.0,1.27
29,feature_A,cond_feature_A,2,1,29,3,3,targ_class2,65.0,181.0,1.74
29,feature_A,cond_feature_A,2,1,35,4,4,targ_class2,-188.0,412.0,2.44
29,feature_A,cond_feature_A,2,1,36,5,5,targ_class1,-102.0,410.0,2.87
29,feature_A,cond_feature_A,2,1,26,6,6,targ_class1,-336.0,225.0,3.57
29,feature_A,cond_feature_A,2,1,18,7,7,targ_class1,-361.0,21.0,4.47
29,feature_A,cond_feature_A,2,1,9,8,8,targ_class2,-478.0,-217.0,5.57
29,feature_A,cond_feature_A,2,1,10,9,9,targ_class2,-315.0,-234.0,5.97
29,feature_A,cond_feature_A,2,1,11,10,10,targ_class1,-208.0,-203.0,6.47
29,feature_A,cond_feature_A,2,1,1,11,11,targ_class1,-434.0,-439.0,7.57
29,feature_A,cond_feature_A,2,1,5,12,12,targ_class2,83.0,-425.0,9.83
29,feature_A,cond_feature_A,2,1,6,13,13,targ_class2,193.0,-423.0,10.3
29,feature_A,cond_feature_A,2,1,7,14,14,targ_class2,282.0,-404.0,10.73
29,feature_A,cond_feature_A,2,1,14,15,15,targ_class2,206.0,-190.0,11.53
29,feature_A,cond_feature_A,2,1,23,16,16,targ_class2,337.0,6.0,12.93
29,feature_A,cond_feature_A,2,1,24,17,17,targ_class2,432.0,23.0,13.32
29,feature_A,cond_feature_A,2,1,31,18,18,targ_class2,344.0,202.0,14.12
29,feature_A,cond_feature_A,2,1,39,19,19,targ_class2,329.0,439.0,14.82
29,feature_A,cond_feature_A,2,1,40,20,20,targ_class2,446.0,443.0,15.25
29,conj_B,cond_conj_B,6,1,18,1,1,targ_class1,-313.0,-1.0,3.13
29,conj_B,cond_conj_B,6,1,19,2,2,targ_class1,-188.0,42.0,3.83
29,conj_B,cond_conj_B,6,1,9,3,3,targ_class1,-444.0,-202.0,4.4
29,conj_B,cond_conj_B,6,1,10,4,4,targ_class1,-322.0,-199.0,4.83
29,conj_B,cond_conj_B,6,1,1,5,5,targ_class1,-441.0,-454.0,5.7
29,conj_B,cond_conj_B,6,1,4,6,6,targ_class2,-54.0,-413.0,7.97
29,conj_B,cond_conj_B,6,1,11,7,7,targ_class1,-222.0,-199.0,8.9
29,conj_B,cond_conj_B,6,1,12,8,8,targ_class1,-73.0,-183.0,9.53
29,conj_B,cond_conj_B,6,1,13,9,9,targ_class1,80.0,-217.0,10.13
29,conj_B,cond_conj_B,6,1,14,10,10,targ_class1,211.0,-191.0,10.6
29,conj_B,cond_conj_B,6,1,22,11,11,targ_class1,183.0,-41.0,11.37
29,conj_B,cond_conj_B,6,1,20,12,12,targ_class1,-53.0,9.0,12.07
29,conj_B,cond_conj_B,6,1,34,13,13,targ_class2,-318.0,450.0,14.32
29,conj_B,cond_conj_B,6,1,33,14,14,targ_class1,-485.0,442.0,14.82
29,conj_B,cond_conj_B,6,1,37,15,15,targ_class1,66.0,410.0,17.4
29,conj_B,cond_conj_B,6,1,29,16,16,targ_class2,106.0,178.0,18.67
29,conj_B,cond_conj_B,6,1,31,17,17,targ_class2,330.0,195.0,19.55
29,conj_B,cond_conj_B,6,1,8,18,18,targ_class2,436.0,-436.0,20.45
29,conj_B,cond_conj_B,6,1,7,19,19,targ_class1,357.0,-469.0,20.86
29,conj_B,cond_conj_B,6,1,6,20,20,targ_class1,201.0,-483.0,21.55
29,conj_B,cond_conj_B,5,1,34,1,1,targ_class1,-304.0,450.0,1.6
29,conj_B,cond_conj_B,5,1,36,2,2,targ_class1,-81.0,379.0,2.27
29,conj_B,cond_conj_B,5,1,28,3,3,targ_class1,-87.0,271.0,2.77
29,conj_B,cond_conj_B,5,1,25,4,4,targ_class1,-451.0,217.0,3.93
29,conj_B,cond_conj_B,5,1,18,5,5,targ_class2,-361.0,26.0,6.43
29,conj_B,cond_conj_B,5,1,20,6,6,targ_class2,-85.0,18.0,7.03
29,conj_B,cond_conj_B,5,1,22,7,7,targ_class2,187.0,14.0,7.6
29,conj_B,cond_conj_B,5,1,24,8,8,targ_class2,457.0,-20.0,8.43
29,conj_B,cond_conj_B,5,1,16,9,9,targ_class2,445.0,-200.0,8.97
29,conj_B,cond_conj_B,5,1,4,10,10,targ_class1,-60.0,-467.0,10.67
29,conj_B,cond_conj_B,5,1,2,11,11,targ_class1,-324.0,-436.0,11.4
29,conj_B,cond_conj_B,5,1,13,12,12,targ_class1,50.0,-243.0,12.17
29,conj_B,cond_conj_B,5,1,12,13,13,targ_class1,-34.0,-213.0,12.87
29,conj_B,cond_conj_B,5,1,19,14,14,targ_class1,-171.0,6.0,13.87
29,conj_B,cond_conj_B,5,1,21,15,15,targ_class1,66.0,-36.0,14.48
29,conj_B,cond_conj_B,5,1,30,16,16,targ_class1,190.0,215.0,15.85
29,conj_B,cond_conj_B,5,1,31,17,17,targ_class1,343.0,224.0,16.48
29,conj_B,cond_conj_B,5,1,39,18,18,targ_class1,328.0,427.0,17.18
29,conj_B,cond_conj_B,5,1,38,19,19,targ_class1,218.0,428.0,17.68
29,conj_B,cond_conj_B,5,1,8,20,20,targ_class1,420.0,-450.0,18.61
29,conj_B,cond_conj_B,7,1,10,1,1,targ_class2,-325.0,-211.0,2.87
29,conj_B,cond_conj_B,7,1,9,2,2,targ_class2,-423.0,-240.0,3.83
29,conj_B,cond_conj_B,7,1,2,3,3,targ_class2,-312.0,-428.0,4.33
29,conj_B,cond_conj_B,7,1,16,4,4,targ_class2,489.0,-218.0,6.1
29,conj_B,cond_conj_B,7,1,36,5,5,targ_class2,-40.0,439.0,7.2
29,conj_B,cond_conj_B,7,1,34,6,6,targ_class1,-292.0,403.0,8.37
29,conj_B,cond_conj_B,7,1,33,7,7,targ_class1,-457.0,455.0,9.37
29,conj_B,cond_conj_B,7,1,25,8,8,targ_class1,-478.0,227.0,10.13
29,conj_B,cond_conj_B,7,1,17,9,9,targ_class1,-482.0,-15.0,10.7
29,conj_B,cond_conj_B,7,1,27,10,10,targ_class1,-194.0,242.0,11.7
29,conj_B,cond_conj_B,7,1,39,11,11,targ_class1,331.0,425.0,12.63
29,conj_B,cond_conj_B,7,1,31,12,12,targ_class1,344.0,201.0,13.17
29,conj_B,cond_conj_B,7,1,32,13,13,targ_class1,442.0,200.0,13.63
29,conj_B,cond_conj_B,7,1,23,14,14,targ_class1,298.0,-31.0,14.32
29,conj_B,cond_conj_B,7,1,15,15,15,targ_class1,355.0,-214.0,15.05
29,conj_B,cond_conj_B,7,1,8,16,16,targ_class1,464.0,-410.0,15.73
29,conj_B,cond_conj_B,7,1,7,17,17,targ_class1,313.0,-394.0,16.73
29,conj_B,cond_conj_B,7,1,4,18,18,targ_class1,-80.0,-453.0,17.75
29,conj_B,cond_conj_B,7,1,1,19,19,targ_class1,-487.0,-451.0,18.68
29,conj_B,cond_conj_B,7,1,12,20,20,targ_class1,-77.0,-210.0,19.47
29,conj_B,cond_conj_B,3,1,19,1,1,targ_class2,-194.0,32.0,1.27
29,conj_B,cond_conj_B,3,1,20,2,2,targ_class2,-87.0,11.0,1.63
29,conj_B,cond_conj_B,3,1,17,3,3,targ_class2,-451.0,-15.0,2.13
29,conj_B,cond_conj_B,3,1,3,4,4,targ_class2,-187.0,-418.0,3.03
29,conj_B,cond_conj_B,3,1,39,5,5,targ_class2,311.0,449.0,3.97
29,conj_B,cond_conj_B,3,1,36,6,6,targ_class1,-98.0,414.0,6.0
29,conj_B,cond_conj_B,3,1,29,7,7,targ_class1,48.0,224.0,6.9
29,conj_B,cond_conj_B,3,1,30,8,8,targ_class1,185.0,227.0,7.37
29,conj_B,cond_conj_B,3,1,32,9,9,targ_class1,447.0,203.0,8.1
29,conj_B,cond_conj_B,3,1,25,10,10,targ_class1,-462.0,207.0,9.27
29,conj_B,cond_conj_B,3,1,18,11,11,targ_class1,-331.0,15.0,10.13
29,conj_B,cond_conj_B,3,1,23,12,12,targ_class1,328.0,5.0,11.32
29,conj_B,cond_conj_B,3,1,9,13,13,targ_class1,-468.0,-186.0,12.58
29,conj_B,cond_conj_B,3,1,10,14,14,targ_class1,-344.0,-213.0,13.18
29,conj_B,cond_conj_B,3,1,12,15,15,targ_class1,-64.0,-234.0,13.92
29,conj_B,cond_conj_B,3,1,13,16,16,targ_class1,48.0,-213.0,14.32
29,conj_B,cond_conj_B,3,1,16,17,17,targ_class1,445.0,-257.0,15.08
29,conj_B,cond_conj_B,3,1,4,18,18,targ_class1,-72.0,-432.0,16.5
29,conj_B,cond_conj_B,3,1,5,19,19,targ_class1,72.0,-439.0,16.98
29,conj_B,cond_conj_B,3,1,7,20,20,targ_class1,330.0,-434.0,17.76
29,conj_B,cond_conj_B,4,1,33,1,1,targ_class1,-433.0,420.0,1.57
29,conj_B,cond_conj_B,4,1,34,2,2,targ_class1,-316.0,429.0,2.54
29,conj_B,cond_conj_B,4,1,35,3,3,targ_class1,-203.0,448.0,3.24
29,conj_B,cond_conj_B,4,1,36,4,4,targ_class1,-72.0,373.0,3.77
29,conj_B,cond_conj_B,4,1,37,5,5,targ_class2,76.0,457.0,4.44
29,conj_B,cond_conj_B,4,1,39,6,6,targ_class1,315.0,420.0,5.37
29,conj_B,cond_conj_B,4,1,40,7,7,targ_class2,476.0,413.0,6.17
29,conj_B,cond_conj_B,4,1,30,8,8,targ_class1,211.0,223.0,7.37
29,conj_B,cond_conj_B,4,1,29,9,9,targ_class1,55.0,204.0,8.57
29,conj_B,cond_conj_B,4,1,26,10,10,targ_class1,-313.0,239.0,9.57
29,conj_B,cond_conj_B,4,1,19,11,11,targ_class1,-196.0,10.0,10.5
29,conj_B,cond_conj_B,4,1,20,12,12,targ_class1,-55.0,2.0,11.0
29,conj_B,cond_conj_B,4,1,23,13,13,targ_class1,311.0,12.0,12.18
29,conj_B,cond_conj_B,4,1,11,14,14,targ_class2,-190.0,-216.0,14.32
29,conj_B,cond_conj_B,4,1,13,15,15,targ_class2,61.0,-217.0,15.32
29,conj_B,cond_conj_B,4,1,14,16,16,targ_class2,210.0,-203.0,15.88
29,conj_B,cond_conj_B,4,1,15,17,17,targ_class1,316.0,-230.0,16.73
29,conj_B,cond_conj_B,4,1,16,18,18,targ_class1,466.0,-223.0,17.85
29,conj_B,cond_conj_B,4,1,7,19,19,targ_class1,301.0,-395.0,19.13
29,conj_B,cond_conj_B,4,1,4,20,20,targ_class1,-53.0,-438.0,20.01
29,conj_B,cond_conj_B,2,1,35,1,1,targ_class1,-205.0,434.0,2.17
29,conj_B,cond_conj_B,2,1,37,2,2,targ_class1,72.0,447.0,3.77
29,conj_B,cond_conj_B,2,1,38,3,3,targ_class2,211.0,414.0,4.3
29,conj_B,cond_conj_B,2,1,39,4,4,targ_class1,310.0,454.0,4.83
29,conj_B,cond_conj_B,2,1,40,5,5,targ_class1,457.0,416.0,5.6
29,conj_B,cond_conj_B,2,1,32,6,6,targ_class1,444.0,213.0,7.2
29,conj_B,cond_conj_B,2,1,31,7,7,targ_class2,360.0,236.0,7.67
29,conj_B,cond_conj_B,2,1,30,8,8,targ_class1,166.0,224.0,9.53
29,conj_B,cond_conj_B,2,1,29,9,9,targ_class2,46.0,220.0,10.07
29,conj_B,cond_conj_B,2,1,28,10,10,targ_class1,-74.0,227.0,10.57
29,conj_B,cond_conj_B,2,1,27,0,0,dist_class2,-174.0,208.0,11.07
29,conj_B,cond_conj_B,2,2,40,1,1,targ_class2,418.0,443.0,9.24
29,conj_B,cond_conj_B,2,2,13,2,2,targ_class2,43.0,-265.0,10.6
29,conj_B,cond_conj_B,2,2,16,3,3,targ_class2,484.0,-221.0,11.37
29,conj_B,cond_conj_B,2,2,9,4,4,targ_class2,-486.0,-216.0,12.27
29,conj_B,cond_conj_B,2,2,1,5,5,targ_class1,-454.0,-400.0,13.87
29,conj_B,cond_conj_B,2,2,2,6,6,targ_class1,-355.0,-417.0,14.33
29,conj_B,cond_conj_B,2,2,3,7,7,targ_class1,-176.0,-442.0,15.07
29,conj_B,cond_conj_B,2,2,4,8,8,targ_class1,-83.0,-422.0,15.53
29,conj_B,cond_conj_B,2,2,6,9,9,targ_class1,189.0,-417.0,16.2
29,conj_B,cond_conj_B,2,2,7,10,10,targ_class1,325.0,-414.0,16.93
29,conj_B,cond_conj_B,2,2,14,11,11,targ_class1,187.0,-225.0,17.93
29,conj_B,cond_conj_B,2,2,12,12,12,targ_class1,-62.0,-204.0,18.76
29,conj_B,cond_conj_B,2,2,22,13,13,targ_class1,217.0,2.0,19.87
29,conj_B,cond_conj_B,2,2,23,14,14,targ_class1,314.0,15.0,20.38
29,conj_B,cond_conj_B,2,2,24,15,15,targ_class1,437.0,4.0,20.91
29,conj_B,cond_conj_B,2,2,30,16,16,targ_class1,212.0,230.0,22.65
29,conj_B,cond_conj_B,2,2,27,17,17,targ_class1,-197.0,240.0,24.02
29,conj_B,cond_conj_B,2,2,34,18,18,targ_class2,-342.0,391.0,25.03
29,conj_B,cond_conj_B,2,2,26,19,19,targ_class1,-313.0,193.0,26.15
29,conj_B,cond_conj_B,2,2,25,20,20,targ_class1,-455.0,203.0,26.83
29,conj_B,cond_conj_B,9,1,25,1,1,targ_class1,-431.0,245.0,1.34
29,conj_B,cond_conj_B,9,1,35,2,2,targ_class1,-203.0,466.0,2.47
29,conj_B,cond_conj_B,9,1,36,3,3,targ_class1,-80.0,384.0,3.67
29,conj_B,cond_conj_B,9,1,37,4,4,targ_class1,55.0,434.0,4.44
29,conj_B,cond_conj_B,9,1,33,5,5,targ_class2,-442.0,374.0,5.47
29,conj_B,cond_conj_B,9,1,38,6,6,targ_class2,210.0,481.0,6.37
29,conj_B,cond_conj_B,9,1,39,7,7,targ_class1,329.0,431.0,6.87
29,conj_B,cond_conj_B,9,1,28,8,8,targ_class1,-71.0,213.0,8.23
29,conj_B,cond_conj_B,9,1,29,9,9,targ_class1,58.0,236.0,8.83
29,conj_B,cond_conj_B,9,1,31,10,10,targ_class2,338.0,195.0,9.67
29,conj_B,cond_conj_B,9,1,32,11,11,targ_class1,463.0,232.0,10.3
29,conj_B,cond_conj_B,9,1,24,12,12,targ_class1,446.0,11.0,11.03
29,conj_B,cond_conj_B,9,1,23,13,13,targ_class1,326.0,0.0,12.63
29,conj_B,cond_conj_B,9,1,22,14,14,targ_class1,223.0,24.0,13.17
29,conj_B,cond_conj_B,9,1,20,15,15,targ_class1,-68.0,12.0,14.13
29,conj_B,cond_conj_B,9,1,19,16,16,targ_class2,-194.0,14.0,14.73
29,conj_B,cond_conj_B,9,1,18,17,17,targ_class1,-362.0,-27.0,15.6
29,conj_B,cond_conj_B,9,1,13,18,18,targ_class1,97.0,-218.0,19.03
29,conj_B,cond_conj_B,9,1,15,19,19,targ_class2,312.0,-237.0,19.83
29,conj_B,cond_conj_B,9,1,1,20,20,targ_class1,-434.0,-492.0,23.06
29,conj_B,cond_conj_B,8,1,35,1,1,targ_class1,-190.0,426.0,1.64
29,conj_B,cond_conj_B,8,1,36,2,2,targ_class1,-79.0,468.0,2.17
29,conj_B,cond_conj_B,8,1,26,3,3,targ_class1,-317.0,228.0,3.14
29,conj_B,cond_conj_B,8,1,28,4,4,targ_class1,-69.0,206.0,3.9
29,conj_B,cond_conj_B,8,1,37,5,5,targ_class1,80.0,388.0,4.6
29,conj_B,cond_conj_B,8,1,38,6,6,targ_class1,224.0,427.0,5.4
29,conj_B,cond_conj_B,8,1,31,7,7,targ_class1,367.0,210.0,6.2
29,conj_B,cond_conj_B,8,1,30,8,8,targ_class2,172.0,210.0,6.8
29,conj_B,cond_conj_B,8,1,22,9,9,targ_class1,192.0,16.0,7.87
29,conj_B,cond_conj_B,8,1,23,10,10,targ_class1,353.0,-26.0,8.33
29,conj_B,cond_conj_B,8,1,24,11,11,targ_class1,455.0,27.0,8.77
29,conj_B,cond_conj_B,8,1,19,12,12,targ_class1,-201.0,-0.0,11.8
29,conj_B,cond_conj_B,8,1,11,13,13,targ_class2,-205.0,-211.0,13.2
29,conj_B,cond_conj_B,8,1,9,14,14,targ_class2,-454.0,-231.0,14.65
29,conj_B,cond_conj_B,8,1,2,15,15,targ_class2,-309.0,-401.0,15.3
29,conj_B,cond_conj_B,8,1,4,16,16,targ_class1,-72.0,-434.0,16.2
29,conj_B,cond_conj_B,8,1,5,17,17,targ_class2,80.0,-419.0,16.88
29,conj_B,cond_conj_B,8,1,8,18,18,targ_class1,462.0,-411.0,18.22
29,conj_B,cond_conj_B,8,1,15,19,19,targ_class1,300.0,-208.0,18.92
29,conj_B,cond_conj_B,8,1,14,20,20,targ_class1,180.0,-228.0,19.63
29,conj_B,cond_conj_B,0,1,35,1,1,targ_class1,-198.0,437.0,2.44
29,conj_B,cond_conj_B,0,1,27,2,2,targ_class1,-195.0,213.0,3.04
29,conj_B,cond_conj_B,0,1,25,3,3,targ_class1,-468.0,226.0,3.87
29,conj_B,cond_conj_B,0,1,29,4,4,targ_class2,56.0,225.0,5.84
29,conj_B,cond_conj_B,0,1,37,5,5,targ_class1,68.0,456.0,6.6
29,conj_B,cond_conj_B,0,1,38,6,6,targ_class1,206.0,463.0,7.07
29,conj_B,cond_conj_B,0,1,40,7,7,targ_class1,435.0,406.0,8.8
29,conj_B,cond_conj_B,0,1,22,8,8,targ_class1,197.0,-3.0,11.13
29,conj_B,cond_conj_B,0,1,21,9,9,targ_class1,48.0,-30.0,11.77
29,conj_B,cond_conj_B,0,1,19,10,10,targ_class1,-204.0,-24.0,12.57
29,conj_B,cond_conj_B,0,1,18,11,11,targ_class1,-322.0,-4.0,13.17
29,conj_B,cond_conj_B,0,1,9,12,12,targ_class1,-461.0,-231.0,14.5
29,conj_B,cond_conj_B,0,1,1,13,13,targ_class1,-444.0,-399.0,15.43
29,conj_B,cond_conj_B,0,1,2,14,14,targ_class2,-331.0,-422.0,16.32
29,conj_B,cond_conj_B,0,1,3,15,15,targ_class2,-180.0,-407.0,16.87
29,conj_B,cond_conj_B,0,1,10,16,16,targ_class2,-310.0,-190.0,17.63
29,conj_B,cond_conj_B,0,1,11,17,17,targ_class1,-189.0,-261.0,18.77
29,conj_B,cond_conj_B,0,1,5,18,18,targ_class1,56.0,-420.0,21.23
29,conj_B,cond_conj_B,0,1,7,19,19,targ_class1,314.0,-426.0,22.43
29,conj_B,cond_conj_B,0,1,6,20,20,targ_class2,177.0,-402.0,23.61
29,conj_B,cond_conj_B,1,1,20,1,1,targ_class2,-19.0,49.0,1.43
29,conj_B,cond_conj_B,1,1,28,2,2,targ_class2,-65.0,193.0,1.97
29,conj_B,cond_conj_B,1,1,25,3,3,targ_class2,-427.0,260.0,2.7
29,conj_B,cond_conj_B,1,1,5,4,4,targ_class2,68.0,-442.0,4.0
29,conj_B,cond_conj_B,1,1,22,5,5,targ_class2,188.0,-19.0,5.07
29,conj_B,cond_conj_B,1,1,8,6,6,targ_class1,442.0,-412.0,6.73
29,conj_B,cond_conj_B,1,1,4,7,7,targ_class1,-66.0,-448.0,7.73
29,conj_B,cond_conj_B,1,1,12,8,8,targ_class1,-74.0,-234.0,8.87
29,conj_B,cond_conj_B,1,1,13,9,9,targ_class1,59.0,-201.0,9.47
29,conj_B,cond_conj_B,1,1,14,10,10,targ_class1,238.0,-231.0,10.43
29,conj_B,cond_conj_B,1,1,21,11,11,targ_class1,49.0,-17.0,11.67
29,conj_B,cond_conj_B,1,1,19,12,12,targ_class1,-199.0,10.0,12.67
29,conj_B,cond_conj_B,1,1,17,13,13,targ_class1,-436.0,1.0,13.73
29,conj_B,cond_conj_B,1,1,26,14,14,targ_class1,-348.0,211.0,15.32
29,conj_B,cond_conj_B,1,1,34,15,15,targ_class1,-334.0,463.0,16.3
29,conj_B,cond_conj_B,1,1,36,16,16,targ_class1,-47.0,453.0,17.17
29,conj_B,cond_conj_B,1,1,37,17,17,targ_class1,123.0,430.0,18.05
29,conj_B,cond_conj_B,1,1,38,18,18,targ_class1,213.0,440.0,18.62
29,conj_B,cond_conj_B,1,1,39,19,19,targ_class1,313.0,437.0,19.13
29,conj_B,cond_conj_B,1,1,32,20,20,targ_class1,466.0,202.0,19.97
29,conj_AB,cond_conj_AB,6,1,18,1,1,targ_class1,-320.0,3.0,1.73
29,conj_AB,cond_conj_AB,6,1,19,2,2,targ_class1,-192.0,-46.0,2.27
29,conj_AB,cond_conj_AB,6,1,17,3,3,targ_class2,-415.0,26.0,2.93
29,conj_AB,cond_conj_AB,6,1,26,4,4,targ_class2,-309.0,199.0,3.63
29,conj_AB,cond_conj_AB,6,1,27,5,5,targ_class1,-222.0,231.0,4.27
29,conj_AB,cond_conj_AB,6,1,33,6,6,targ_class1,-492.0,386.0,5.07
29,conj_AB,cond_conj_AB,6,1,38,7,7,targ_class2,195.0,449.0,9.1
29,conj_AB,cond_conj_AB,6,1,28,8,8,targ_class1,-52.0,238.0,9.83
29,conj_AB,cond_conj_AB,6,1,30,9,9,targ_class1,206.0,224.0,10.5
29,conj_AB,cond_conj_AB,6,1,39,10,10,targ_class2,326.0,420.0,11.33
29,conj_AB,cond_conj_AB,6,1,32,11,11,targ_class2,441.0,229.0,11.9
29,conj_AB,cond_conj_AB,6,1,24,12,12,targ_class1,442.0,9.0,12.57
29,conj_AB,cond_conj_AB,6,1,21,13,13,targ_class2,46.0,24.0,13.75
29,conj_AB,cond_conj_AB,6,1,13,14,14,targ_class1,46.0,-222.0,16.5
29,conj_AB,cond_conj_AB,6,1,15,15,15,targ_class1,313.0,-182.0,17.22
29,conj_AB,cond_conj_AB,6,1,16,16,16,targ_class2,474.0,-202.0,17.95
29,conj_AB,cond_conj_AB,6,1,7,17,17,targ_class2,318.0,-382.0,18.63
29,conj_AB,cond_conj_AB,6,1,8,18,18,targ_class2,461.0,-409.0,19.13
29,conj_AB,cond_conj_AB,6,1,5,19,19,targ_class1,82.0,-429.0,20.15
29,conj_AB,cond_conj_AB,6,1,3,20,20,targ_class2,-200.0,-415.0,22.05
29,conj_AB,cond_conj_AB,9,1,35,1,1,targ_class2,-223.0,446.0,2.14
29,conj_AB,cond_conj_AB,9,1,36,2,2,targ_class2,-50.0,411.0,2.64
29,conj_AB,cond_conj_AB,9,1,38,3,3,targ_class2,184.0,443.0,3.57
29,conj_AB,cond_conj_AB,9,1,39,4,4,targ_class2,347.0,463.0,4.37
29,conj_AB,cond_conj_AB,9,1,31,5,5,targ_class2,325.0,197.0,4.97
29,conj_AB,cond_conj_AB,9,1,21,6,6,targ_class2,62.0,-13.0,5.73
29,conj_AB,cond_conj_AB,9,1,22,7,7,targ_class2,219.0,-26.0,6.37
29,conj_AB,cond_conj_AB,9,1,11,8,8,targ_class2,-166.0,-210.0,7.13
29,conj_AB,cond_conj_AB,9,1,9,9,9,targ_class2,-486.0,-182.0,7.87
29,conj_AB,cond_conj_AB,9,1,8,10,10,targ_class2,456.0,-435.0,9.2
29,conj_AB,cond_conj_AB,9,1,7,11,11,targ_class1,334.0,-451.0,9.8
29,conj_AB,cond_conj_AB,9,1,6,12,12,targ_class1,176.0,-446.0,10.3
29,conj_AB,cond_conj_AB,9,1,5,13,13,targ_class1,66.0,-403.0,10.77
29,conj_AB,cond_conj_AB,9,1,12,14,14,targ_class1,-95.0,-224.0,12.2
29,conj_AB,cond_conj_AB,9,1,13,15,15,targ_class1,86.0,-224.0,13.1
29,conj_AB,cond_conj_AB,9,1,16,16,16,targ_class1,435.0,-201.0,14.98
29,conj_AB,cond_conj_AB,9,1,23,17,17,targ_class1,316.0,7.0,15.9
29,conj_AB,cond_conj_AB,9,1,30,18,18,targ_class1,183.0,217.0,16.53
29,conj_AB,cond_conj_AB,9,1,20,19,19,targ_class1,-38.0,-16.0,17.33
29,conj_AB,cond_conj_AB,9,1,25,20,20,targ_class1,-458.0,208.0,19.53
29,conj_AB,cond_conj_AB,4,1,33,1,1,targ_class1,-474.0,433.0,2.9
29,conj_AB,cond_conj_AB,4,1,27,2,2,targ_class1,-184.0,184.0,4.6
29,conj_AB,cond_conj_AB,4,1,28,3,3,targ_class1,-75.0,220.0,5.04
29,conj_AB,cond_conj_AB,4,1,39,4,4,targ_class1,332.0,437.0,6.84
29,conj_AB,cond_conj_AB,4,1,22,5,5,targ_class1,207.0,-34.0,8.23
29,conj_AB,cond_conj_AB,4,1,20,6,6,targ_class1,-82.0,-31.0,8.83
29,conj_AB,cond_conj_AB,4,1,3,7,7,targ_class1,-248.0,-431.0,10.17
29,conj_AB,cond_conj_AB,4,1,1,8,8,targ_class1,-439.0,-424.0,10.8
29,conj_AB,cond_conj_AB,4,1,4,9,9,targ_class1,-93.0,-412.0,11.63
29,conj_AB,cond_conj_AB,4,1,23,10,10,targ_class1,323.0,-33.0,12.63
29,conj_AB,cond_conj_AB,4,1,10,11,11,targ_class2,-359.0,-204.0,16.27
29,conj_AB,cond_conj_AB,4,1,12,12,12,targ_class2,-71.0,-221.0,17.3
29,conj_AB,cond_conj_AB,4,1,19,13,13,targ_class2,-181.0,11.0,18.03
29,conj_AB,cond_conj_AB,4,1,13,14,14,targ_class2,69.0,-208.0,18.82
29,conj_AB,cond_conj_AB,4,1,5,15,15,targ_class2,68.0,-466.0,20.08
29,conj_AB,cond_conj_AB,4,1,6,16,16,targ_class2,176.0,-434.0,20.55
29,conj_AB,cond_conj_AB,4,1,8,17,17,targ_class2,435.0,-436.0,21.41
29,conj_AB,cond_conj_AB,4,1,15,18,18,targ_class2,283.0,-198.0,22.33
29,conj_AB,cond_conj_AB,4,1,29,19,19,targ_class2,84.0,191.0,23.1
29,conj_AB,cond_conj_AB,4,1,34,20,20,targ_class2,-352.0,460.0,24.05
29,conj_AB,cond_conj_AB,1,1,18,1,1,targ_class2,-289.0,10.0,1.37
29,conj_AB,cond_conj_AB,1,1,19,2,2,targ_class2,-194.0,-7.0,2.4
29,conj_AB,cond_conj_AB,1,1,27,3,3,targ_class2,-201.0,220.0,3.04
29,conj_AB,cond_conj_AB,1,1,28,4,4,targ_class1,-82.0,197.0,4.13
29,conj_AB,cond_conj_AB,1,1,21,5,5,targ_class1,49.0,40.0,4.9
29,conj_AB,cond_conj_AB,1,1,1,6,6,targ_class2,-445.0,-457.0,6.87
29,conj_AB,cond_conj_AB,1,1,17,7,7,targ_class1,-501.0,-23.0,8.33
29,conj_AB,cond_conj_AB,1,1,34,8,8,targ_class1,-346.0,430.0,9.03
29,conj_AB,cond_conj_AB,1,1,36,9,9,targ_class2,-69.0,418.0,9.87
29,conj_AB,cond_conj_AB,1,1,5,10,10,targ_class1,68.0,-466.0,11.4
29,conj_AB,cond_conj_AB,1,1,13,11,11,targ_class2,61.0,-224.0,12.8
29,conj_AB,cond_conj_AB,1,1,14,12,12,targ_class1,188.0,-212.0,13.53
29,conj_AB,cond_conj_AB,1,1,15,13,13,targ_class1,365.0,-223.0,14.27
29,conj_AB,cond_conj_AB,1,1,31,14,14,targ_class2,314.0,211.0,15.52
29,conj_AB,cond_conj_AB,1,1,29,15,15,targ_class2,96.0,237.0,16.72
29,conj_AB,cond_conj_AB,1,1,16,16,16,targ_class1,475.0,-245.0,19.47
29,conj_AB,cond_conj_AB,1,1,40,17,17,targ_class2,443.0,415.0,21.17
29,conj_AB,cond_conj_AB,1,1,39,18,18,targ_class2,331.0,440.0,21.63
29,conj_AB,cond_conj_AB,1,1,37,19,19,targ_class1,96.0,432.0,23.25
29,conj_AB,cond_conj_AB,1,1,38,20,20,targ_class1,190.0,435.0,23.7
29,conj_AB,cond_conj_AB,2,1,25,1,1,targ_class1,-457.0,241.0,1.43
29,conj_AB,cond_conj_AB,2,1,26,2,2,targ_class1,-327.0,228.0,1.83
29,conj_AB,cond_conj_AB,2,1,27,3,3,targ_class1,-199.0,209.0,2.2
29,conj_AB,cond_conj_AB,2,1,28,4,4,targ_class1,-34.0,237.0,2.63
29,conj_AB,cond_conj_AB,2,1,19,5,5,targ_class1,-242.0,8.0,3.47
29,conj_AB,cond_conj_AB,2,1,1,6,6,targ_class1,-443.0,-412.0,4.5
29,conj_AB,cond_conj_AB,2,1,34,7,7,targ_class1,-296.0,444.0,5.57
29,conj_AB,cond_conj_AB,2,1,23,8,8,targ_class1,329.0,4.0,7.1
29,conj_AB,cond_conj_AB,2,1,24,9,9,targ_class1,475.0,12.0,7.57
29,conj_AB,cond_conj_AB,2,1,15,10,10,targ_class1,290.0,-222.0,8.37
29,conj_AB,cond_conj_AB,2,1,36,11,11,targ_class2,-82.0,409.0,13.07
29,conj_AB,cond_conj_AB,2,1,37,12,12,targ_class2,29.0,475.0,13.5
29,conj_AB,cond_conj_AB,2,1,31,13,13,targ_class2,294.0,200.0,15.22
29,conj_AB,cond_conj_AB,2,1,39,14,14,targ_class2,339.0,372.0,15.88
29,conj_AB,cond_conj_AB,2,1,21,15,15,targ_class2,64.0,-10.0,16.58
29,conj_AB,cond_conj_AB,2,1,20,16,16,targ_class2,-72.0,-20.0,16.98
29,conj_AB,cond_conj_AB,2,1,17,17,17,targ_class2,-463.0,16.0,17.57
29,conj_AB,cond_conj_AB,2,1,33,18,18,targ_class2,-442.0,455.0,18.33
29,conj_AB,cond_conj_AB,2,1,4,19,19,targ_class2,-68.0,-439.0,19.75
29,conj_AB,cond_conj_AB,2,1,7,20,20,targ_class2,307.0,-438.0,20.3
29,conj_AB,cond_conj_AB,0,1,27,1,1,targ_class2,-230.0,217.0,1.34
29,conj_AB,cond_conj_AB,0,1,28,2,2,targ_class2,-72.0,208.0,1.84
29,conj_AB,cond_conj_AB,0,1,29,3,3,targ_class2,65.0,186.0,2.2
29,conj_AB,cond_conj_AB,0,1,25,4,4,targ_class2,-443.0,195.0,2.94
29,conj_AB,cond_conj_AB,0,1,18,5,5,targ_class2,-311.0,-43.0,3.5
29,conj_AB,cond_conj_AB,0,1,11,6,6,targ_class2,-180.0,-190.0,3.97
29,conj_AB,cond_conj_AB,0,1,9,7,7,targ_class2,-483.0,-190.0,4.53
29,conj_AB,cond_conj_AB,0,1,14,8,8,targ_class2,172.0,-186.0,5.73
29,conj_AB,cond_conj_AB,0,1,24,9,9,targ_class2,447.0,3.0,6.47
29,conj_AB,cond_conj_AB,0,1,35,10,10,targ_class2,-198.0,435.0,7.7
29,conj_AB,cond_conj_AB,0,1,34,11,11,targ_class1,-317.0,413.0,8.2
29,conj_AB,cond_conj_AB,0,1,26,12,12,targ_class1,-309.0,231.0,9.13
29,conj_AB,cond_conj_AB,0,1,17,13,13,targ_class1,-476.0,-23.0,9.97
29,conj_AB,cond_conj_AB,0,1,19,14,14,targ_class1,-146.0,23.0,10.63
29,conj_AB,cond_conj_AB,0,1,12,15,15,targ_class1,-70.0,-184.0,11.25
29,conj_AB,cond_conj_AB,0,1,6,16,16,targ_class1,174.0,-420.0,12.48
29,conj_AB,cond_conj_AB,0,1,7,17,17,targ_class1,339.0,-420.0,13.08
29,conj_AB,cond_conj_AB,0,1,8,18,18,targ_class1,483.0,-466.0,13.73
29,conj_AB,cond_conj_AB,0,1,15,19,19,targ_class1,318.0,-223.0,14.98
29,conj_AB,cond_conj_AB,0,1,39,20,20,targ_class1,304.0,439.0,16.72
29,conj_AB,cond_conj_AB,7,1,26,1,1,targ_class1,-304.0,210.0,1.47
29,conj_AB,cond_conj_AB,7,1,35,2,2,targ_class1,-211.0,403.0,2.14
29,conj_AB,cond_conj_AB,7,1,34,3,3,targ_class1,-349.0,462.0,2.84
29,conj_AB,cond_conj_AB,7,1,29,4,4,targ_class1,89.0,254.0,3.94
29,conj_AB,cond_conj_AB,7,1,30,5,5,targ_class1,212.0,225.0,4.34
29,conj_AB,cond_conj_AB,7,1,21,6,6,targ_class1,92.0,-3.0,5.17
29,conj_AB,cond_conj_AB,7,1,3,7,7,targ_class1,-183.0,-418.0,6.53
29,conj_AB,cond_conj_AB,7,1,7,8,8,targ_class1,337.0,-426.0,7.57
29,conj_AB,cond_conj_AB,7,1,16,9,9,targ_class1,466.0,-200.0,8.17
29,conj_AB,cond_conj_AB,7,1,32,10,10,targ_class1,479.0,206.0,9.1
29,conj_AB,cond_conj_AB,7,1,37,11,11,targ_class2,66.0,436.0,11.7
29,conj_AB,cond_conj_AB,7,1,36,12,12,targ_class2,-68.0,417.0,12.23
29,conj_AB,cond_conj_AB,7,1,27,13,13,targ_class2,-152.0,221.0,12.87
29,conj_AB,cond_conj_AB,7,1,20,14,14,targ_class2,-77.0,20.0,13.6
29,conj_AB,cond_conj_AB,7,1,19,15,15,targ_class2,-170.0,-17.0,13.95
29,conj_AB,cond_conj_AB,7,1,33,16,16,targ_class2,-444.0,411.0,14.73
29,conj_AB,cond_conj_AB,7,1,9,17,17,targ_class2,-435.0,-197.0,15.6
29,conj_AB,cond_conj_AB,7,1,12,18,18,targ_class2,-75.0,-223.0,17.23
29,conj_AB,cond_conj_AB,7,1,8,19,19,targ_class2,459.0,-416.0,18.13
29,conj_AB,cond_conj_AB,7,1,31,20,20,targ_class2,332.0,220.0,19.45
29,conj_AB,cond_conj_AB,3,1,33,1,1,targ_class2,-458.0,434.0,2.47
29,conj_AB,cond_conj_AB,3,1,34,2,2,targ_class2,-348.0,412.0,3.07
29,conj_AB,cond_conj_AB,3,1,17,3,3,targ_class2,-481.0,29.0,3.83
29,conj_AB,cond_conj_AB,3,1,18,4,4,targ_class2,-334.0,-3.0,4.2
29,conj_AB,cond_conj_AB,3,1,9,5,5,targ_class2,-463.0,-227.0,5.0
29,conj_AB,cond_conj_AB,3,1,12,6,6,targ_class2,-48.0,-213.0,5.53
29,conj_AB,cond_conj_AB,3,1,14,7,7,targ_class2,213.0,-209.0,6.37
29,conj_AB,cond_conj_AB,3,1,30,8,8,targ_class2,200.0,210.0,7.2
29,conj_AB,cond_conj_AB,3,1,31,9,9,targ_class2,312.0,186.0,7.57
29,conj_AB,cond_conj_AB,3,1,32,10,10,targ_class2,428.0,219.0,7.97
29,conj_AB,cond_conj_AB,3,1,36,11,11,targ_class1,-75.0,459.0,9.97
29,conj_AB,cond_conj_AB,3,1,39,12,12,targ_class1,333.0,399.0,11.37
29,conj_AB,cond_conj_AB,3,1,40,13,13,targ_class1,465.0,381.0,11.9
29,conj_AB,cond_conj_AB,3,1,22,14,14,targ_class1,211.0,-29.0,13.32
29,conj_AB,cond_conj_AB,3,1,15,15,15,targ_class1,312.0,-193.0,13.78
29,conj_AB,cond_conj_AB,3,1,16,16,16,targ_class1,440.0,-221.0,14.3
29,conj_AB,cond_conj_AB,3,1,7,17,17,targ_class1,298.0,-426.0,15.03
29,conj_AB,cond_conj_AB,3,1,4,18,18,targ_class1,-20.0,-456.0,15.83
29,conj_AB,cond_conj_AB,3,1,10,19,19,targ_class1,-321.0,-202.0,17.0
29,conj_AB,cond_conj_AB,3,1,1,20,20,targ_class1,-464.0,-410.0,17.78
29,conj_AB,cond_conj_AB,8,1,21,1,1,targ_class1,101.0,4.0,1.2
29,conj_AB,cond_conj_AB,8,1,29,2,2,targ_class1,76.0,229.0,1.94
29,conj_AB,cond_conj_AB,8,1,38,3,3,targ_class1,191.0,415.0,2.64
29,conj_AB,cond_conj_AB,8,1,39,4,4,targ_class1,312.0,390.0,3.37
29,conj_AB,cond_conj_AB,8,1,35,5,5,targ_class1,-217.0,432.0,4.27
29,conj_AB,cond_conj_AB,8,1,25,6,6,targ_class1,-456.0,194.0,5.0
29,conj_AB,cond_conj_AB,8,1,9,7,7,targ_class1,-448.0,-206.0,6.33
29,conj_AB,cond_conj_AB,8,1,15,8,8,targ_class1,315.0,-203.0,7.17
29,conj_AB,cond_conj_AB,8,1,23,9,9,targ_class1,369.0,-4.0,7.93
29,conj_AB,cond_conj_AB,8,1,31,10,10,targ_class2,335.0,222.0,9.03
29,conj_AB,cond_conj_AB,8,1,32,11,11,targ_class2,462.0,191.0,9.47
29,conj_AB,cond_conj_AB,8,1,40,12,12,targ_class2,459.0,431.0,10.34
29,conj_AB,cond_conj_AB,8,1,34,13,13,targ_class2,-335.0,437.0,11.37
29,conj_AB,cond_conj_AB,8,1,27,14,14,targ_class2,-169.0,197.0,12.27
29,conj_AB,cond_conj_AB,8,1,10,15,15,targ_class2,-328.0,-234.0,13.45
29,conj_AB,cond_conj_AB,8,1,1,16,16,targ_class2,-443.0,-443.0,15.2
29,conj_AB,cond_conj_AB,8,1,3,17,17,targ_class2,-172.0,-436.0,15.86
29,conj_AB,cond_conj_AB,8,1,4,18,18,targ_class2,-53.0,-436.0,16.3
29,conj_AB,cond_conj_AB,8,1,8,19,19,targ_class1,454.0,-426.0,17.83
29,conj_AB,cond_conj_AB,8,1,16,20,20,targ_class2,479.0,-229.0,19.05
29,conj_AB,cond_conj_AB,5,1,25,1,1,targ_class1,-485.0,228.0,1.53
29,conj_AB,cond_conj_AB,5,1,11,2,2,targ_class1,-191.0,-210.0,2.33
29,conj_AB,cond_conj_AB,5,1,9,3,3,targ_class1,-461.0,-194.0,2.93
29,conj_AB,cond_conj_AB,5,1,21,4,4,targ_class1,79.0,2.0,4.03
29,conj_AB,cond_conj_AB,5,1,13,5,5,targ_class1,77.0,-166.0,4.6
29,conj_AB,cond_conj_AB,5,1,15,6,6,targ_class1,360.0,-189.0,5.3
29,conj_AB,cond_conj_AB,5,1,23,7,7,targ_class1,322.0,3.0,5.83
29,conj_AB,cond_conj_AB,5,1,31,8,8,targ_class1,302.0,181.0,6.7
29,conj_AB,cond_conj_AB,5,1,30,9,9,targ_class1,187.0,208.0,7.23
29,conj_AB,cond_conj_AB,5,1,24,10,10,targ_class1,495.0,14.0,8.0
29,conj_AB,cond_conj_AB,5,1,1,11,11,targ_class2,-481.0,-417.0,10.33
29,conj_AB,cond_conj_AB,5,1,4,12,12,targ_class2,-28.0,-407.0,11.47
29,conj_AB,cond_conj_AB,5,1,5,13,13,targ_class2,65.0,-437.0,11.83
29,conj_AB,cond_conj_AB,5,1,6,14,14,targ_class2,190.0,-432.0,12.62
29,conj_AB,cond_conj_AB,5,1,7,15,15,targ_class2,314.0,-406.0,13.42
29,conj_AB,cond_conj_AB,5,1,8,16,16,targ_class2,450.0,-455.0,13.87
29,conj_AB,cond_conj_AB,5,1,18,17,17,targ_class2,-336.0,-21.0,14.98
29,conj_AB,cond_conj_AB,5,1,27,18,18,targ_class2,-207.0,222.0,15.67
29,conj_AB,cond_conj_AB,5,1,36,19,19,targ_class2,-44.0,428.0,16.48
29,conj_AB,cond_conj_AB,5,1,39,20,20,targ_class2,317.0,428.0,17.28
29,conj_A,cond_conj_A,4,1,25,1,1,targ_class1,-460.0,188.0,1.7
29,conj_A,cond_conj_A,4,1,33,2,2,targ_class1,-476.0,449.0,2.47
29,conj_A,cond_conj_A,4,1,35,3,3,targ_class1,-220.0,436.0,3.17
29,conj_A,cond_conj_A,4,1,30,4,4,targ_class1,174.0,214.0,4.3
29,conj_A,cond_conj_A,4,1,5,5,5,targ_class1,60.0,-415.0,5.9
29,conj_A,cond_conj_A,4,1,1,6,6,targ_class2,-469.0,-433.0,7.07
29,conj_A,cond_conj_A,4,1,2,7,7,targ_class2,-336.0,-429.0,7.6
29,conj_A,cond_conj_A,4,1,3,8,8,targ_class2,-186.0,-442.0,8.27
29,conj_A,cond_conj_A,4,1,11,9,9,targ_class2,-198.0,-230.0,9.0
29,conj_A,cond_conj_A,4,1,18,10,10,targ_class2,-335.0,-26.0,9.73
29,conj_A,cond_conj_A,4,1,19,11,11,targ_class2,-177.0,1.0,10.23
29,conj_A,cond_conj_A,4,1,20,12,12,targ_class2,-72.0,-9.0,10.7
29,conj_A,cond_conj_A,4,1,28,13,13,targ_class2,-86.0,222.0,11.55
29,conj_A,cond_conj_A,4,1,34,14,14,targ_class2,-316.0,387.0,12.23
29,conj_A,cond_conj_A,4,1,37,15,15,targ_class2,59.0,416.0,13.05
29,conj_A,cond_conj_A,4,1,38,16,16,targ_class2,187.0,456.0,13.58
29,conj_A,cond_conj_A,4,1,40,17,17,targ_class2,460.0,447.0,14.27
29,conj_A,cond_conj_A,4,1,32,18,18,targ_class2,434.0,184.0,14.83
29,conj_A,cond_conj_A,4,1,14,19,19,targ_class2,221.0,-244.0,15.83
29,conj_A,cond_conj_A,4,1,8,20,20,targ_class2,453.0,-430.0,16.6
29,conj_A,cond_conj_A,0,1,19,1,1,targ_class2,-202.0,36.0,1.17
29,conj_A,cond_conj_A,0,1,11,2,2,targ_class2,-202.0,-194.0,1.73
29,conj_A,cond_conj_A,0,1,17,3,3,targ_class1,-489.0,6.0,2.6
29,conj_A,cond_conj_A,0,1,33,4,4,targ_class1,-408.0,412.0,3.47
29,conj_A,cond_conj_A,0,1,27,5,5,targ_class2,-190.0,242.0,4.43
29,conj_A,cond_conj_A,0,1,26,6,6,targ_class2,-340.0,217.0,4.93
29,conj_A,cond_conj_A,0,1,21,7,7,targ_class2,49.0,-27.0,5.87
29,conj_A,cond_conj_A,0,1,22,8,8,targ_class2,179.0,9.0,6.3
29,conj_A,cond_conj_A,0,1,23,9,9,targ_class2,320.0,3.0,6.77
29,conj_A,cond_conj_A,0,1,29,10,10,targ_class1,72.0,219.0,7.63
29,conj_A,cond_conj_A,0,1,40,11,11,targ_class1,444.0,433.0,8.24
29,conj_A,cond_conj_A,0,1,32,12,12,targ_class2,414.0,251.0,8.83
29,conj_A,cond_conj_A,0,1,31,13,13,targ_class2,314.0,213.0,9.27
29,conj_A,cond_conj_A,0,1,15,14,14,targ_class2,335.0,-197.0,10.0
29,conj_A,cond_conj_A,0,1,14,15,15,targ_class2,189.0,-230.0,10.5
29,conj_A,cond_conj_A,0,1,5,16,16,targ_class2,62.0,-428.0,11.43
29,conj_A,cond_conj_A,0,1,2,17,17,targ_class2,-302.0,-437.0,12.02
29,conj_A,cond_conj_A,0,1,1,18,18,targ_class2,-479.0,-431.0,12.83
29,conj_A,cond_conj_A,0,1,4,19,19,targ_class1,-54.0,-408.0,14.27
29,conj_A,cond_conj_A,0,1,7,20,20,targ_class2,351.0,-409.0,15.2
29,conj_A,cond_conj_A,7,1,9,1,1,targ_class2,-477.0,-206.0,1.97
29,conj_A,cond_conj_A,7,1,11,2,2,targ_class2,-190.0,-218.0,2.73
29,conj_A,cond_conj_A,7,1,1,3,3,targ_class2,-433.0,-460.0,3.5
29,conj_A,cond_conj_A,7,1,5,4,4,targ_class2,94.0,-395.0,4.2
29,conj_A,cond_conj_A,7,1,6,5,5,targ_class2,205.0,-441.0,4.73
29,conj_A,cond_conj_A,7,1,14,6,6,targ_class2,215.0,-226.0,5.57
29,conj_A,cond_conj_A,7,1,13,7,7,targ_class2,62.0,-210.0,6.17
29,conj_A,cond_conj_A,7,1,20,8,8,targ_class2,-77.0,-11.0,6.8
29,conj_A,cond_conj_A,7,1,22,9,9,targ_class2,198.0,-8.0,7.5
29,conj_A,cond_conj_A,7,1,31,10,10,targ_class2,328.0,210.0,8.83
29,conj_A,cond_conj_A,7,1,32,11,11,targ_class2,453.0,220.0,9.73
29,conj_A,cond_conj_A,7,1,39,12,12,targ_class2,307.0,444.0,10.5
29,conj_A,cond_conj_A,7,1,38,13,13,targ_class2,199.0,414.0,10.93
29,conj_A,cond_conj_A,7,1,28,14,14,targ_class2,-54.0,228.0,11.72
29,conj_A,cond_conj_A,7,1,33,15,15,targ_class2,-477.0,437.0,12.47
29,conj_A,cond_conj_A,7,1,35,16,16,targ_class1,-208.0,408.0,13.18
29,conj_A,cond_conj_A,7,1,30,17,17,targ_class1,185.0,229.0,14.3
29,conj_A,cond_conj_A,7,1,18,18,18,targ_class1,-337.0,15.0,15.3
29,conj_A,cond_conj_A,7,1,19,19,19,targ_class1,-213.0,20.0,16.02
29,conj_A,cond_conj_A,7,1,16,20,20,targ_class1,437.0,-213.0,17.12
29,conj_A,cond_conj_A,8,1,18,1,1,targ_class1,-320.0,3.0,1.17
29,conj_A,cond_conj_A,8,1,27,2,2,targ_class1,-218.0,205.0,1.83
29,conj_A,cond_conj_A,8,1,35,3,3,targ_class1,-180.0,422.0,2.54
29,conj_A,cond_conj_A,8,1,37,4,4,targ_class1,48.0,458.0,3.47
29,conj_A,cond_conj_A,8,1,7,5,5,targ_class1,325.0,-437.0,5.07
29,conj_A,cond_conj_A,8,1,1,6,6,targ_class2,-462.0,-406.0,8.1
29,conj_A,cond_conj_A,8,1,10,7,7,targ_class2,-340.0,-207.0,8.8
29,conj_A,cond_conj_A,8,1,11,8,8,targ_class2,-215.0,-228.0,9.23
29,conj_A,cond_conj_A,8,1,3,9,9,targ_class2,-209.0,-402.0,10.13
29,conj_A,cond_conj_A,8,1,8,10,10,targ_class2,441.0,-403.0,10.97
29,conj_A,cond_conj_A,8,1,15,11,11,targ_class2,335.0,-221.0,11.8
29,conj_A,cond_conj_A,8,1,23,12,12,targ_class2,302.0,-1.0,12.73
29,conj_A,cond_conj_A,8,1,22,13,13,targ_class2,180.0,5.0,13.17
29,conj_A,cond_conj_A,8,1,24,14,14,targ_class2,475.0,20.0,13.7
29,conj_A,cond_conj_A,8,1,31,15,15,targ_class2,318.0,228.0,15.3
29,conj_A,cond_conj_A,8,1,30,16,16,targ_class2,167.0,229.0,15.92
29,conj_A,cond_conj_A,8,1,29,17,17,targ_class2,85.0,226.0,16.77
29,conj_A,cond_conj_A,8,1,19,18,18,targ_class2,-232.0,19.0,18.35
29,conj_A,cond_conj_A,8,1,26,19,19,targ_class2,-320.0,241.0,18.93
29,conj_A,cond_conj_A,8,1,34,20,20,targ_class2,-329.0,453.0,20.13
29,conj_A,cond_conj_A,1,1,18,1,1,targ_class2,-287.0,-15.0,1.1
29,conj_A,cond_conj_A,1,1,19,2,2,targ_class2,-205.0,-18.0,1.5
29,conj_A,cond_conj_A,1,1,9,3,3,targ_class2,-472.0,-217.0,2.23
29,conj_A,cond_conj_A,1,1,10,4,4,targ_class2,-338.0,-233.0,2.67
29,conj_A,cond_conj_A,1,1,2,5,5,targ_class2,-344.0,-440.0,3.4
29,conj_A,cond_conj_A,1,1,5,6,6,targ_class2,59.0,-430.0,4.2
29,conj_A,cond_conj_A,1,1,14,7,7,targ_class2,200.0,-252.0,4.93
29,conj_A,cond_conj_A,1,1,15,8,8,targ_class2,330.0,-226.0,5.3
29,conj_A,cond_conj_A,1,1,7,9,9,targ_class2,313.0,-435.0,5.97
29,conj_A,cond_conj_A,1,1,23,10,10,targ_class2,333.0,-9.0,6.8
29,conj_A,cond_conj_A,1,1,22,11,11,targ_class2,209.0,29.0,7.2
29,conj_A,cond_conj_A,1,1,24,12,12,targ_class2,480.0,-3.0,7.8
29,conj_A,cond_conj_A,1,1,30,13,13,targ_class2,203.0,221.0,8.53
29,conj_A,cond_conj_A,1,1,37,14,14,targ_class2,65.0,405.0,9.2
29,conj_A,cond_conj_A,1,1,25,15,15,targ_class2,-447.0,192.0,9.93
29,conj_A,cond_conj_A,1,1,36,16,16,targ_class1,-35.0,456.0,11.7
29,conj_A,cond_conj_A,1,1,29,17,17,targ_class1,41.0,209.0,12.23
29,conj_A,cond_conj_A,1,1,40,18,18,targ_class1,456.0,407.0,12.95
29,conj_A,cond_conj_A,1,1,32,19,19,targ_class1,434.0,188.0,13.5
29,conj_A,cond_conj_A,1,1,4,20,20,targ_class1,-49.0,-427.0,14.87
29,conj_A,cond_conj_A,6,1,18,1,1,targ_class1,-335.0,-11.0,1.0
29,conj_A,cond_conj_A,6,1,17,2,2,targ_class1,-490.0,26.0,1.57
29,conj_A,cond_conj_A,6,1,9,3,3,targ_class1,-450.0,-204.0,2.07
29,conj_A,cond_conj_A,6,1,3,4,4,targ_class1,-198.0,-457.0,2.93
29,conj_A,cond_conj_A,6,1,36,5,5,targ_class1,-22.0,423.0,4.5
29,conj_A,cond_conj_A,6,1,33,6,6,targ_class2,-471.0,422.0,5.47
29,conj_A,cond_conj_A,6,1,34,7,7,targ_class2,-319.0,435.0,6.0
29,conj_A,cond_conj_A,6,1,27,8,8,targ_class2,-175.0,216.0,6.57
29,conj_A,cond_conj_A,6,1,28,9,9,targ_class2,-81.0,235.0,6.97
29,conj_A,cond_conj_A,6,1,19,10,10,targ_class2,-211.0,22.0,7.5
29,conj_A,cond_conj_A,6,1,20,11,11,targ_class2,-96.0,-12.0,7.9
29,conj_A,cond_conj_A,6,1,10,12,12,targ_class2,-321.0,-218.0,8.43
29,conj_A,cond_conj_A,6,1,1,13,13,targ_class2,-432.0,-416.0,9.43
29,conj_A,cond_conj_A,6,1,4,14,14,targ_class2,-59.0,-442.0,10.92
29,conj_A,cond_conj_A,6,1,5,15,15,targ_class2,66.0,-432.0,11.68
29,conj_A,cond_conj_A,6,1,7,16,16,targ_class2,305.0,-406.0,12.53
29,conj_A,cond_conj_A,6,1,8,17,17,targ_class2,447.0,-404.0,13.05
29,conj_A,cond_conj_A,6,1,15,18,18,targ_class2,321.0,-205.0,14.82
29,conj_A,cond_conj_A,6,1,40,19,19,targ_class2,448.0,434.0,15.73
29,conj_A,cond_conj_A,6,1,38,20,20,targ_class2,205.0,427.0,16.88
29,conj_A,cond_conj_A,5,1,21,1,1,targ_class1,72.0,19.0,1.07
29,conj_A,cond_conj_A,5,1,26,2,2,targ_class1,-315.0,234.0,1.8
29,conj_A,cond_conj_A,5,1,25,3,3,targ_class1,-454.0,234.0,2.3
29,conj_A,cond_conj_A,5,1,33,4,4,targ_class1,-473.0,422.0,3.54
29,conj_A,cond_conj_A,5,1,4,5,5,targ_class1,-81.0,-449.0,4.9
29,conj_A,cond_conj_A,5,1,9,6,6,targ_class2,-405.0,-170.0,6.97
29,conj_A,cond_conj_A,5,1,17,7,7,targ_class2,-486.0,-14.0,7.5
29,conj_A,cond_conj_A,5,1,18,8,8,targ_class2,-306.0,10.0,7.93
29,conj_A,cond_conj_A,5,1,11,9,9,targ_class2,-222.0,-228.0,8.5
29,conj_A,cond_conj_A,5,1,20,10,10,targ_class2,-86.0,9.0,9.27
29,conj_A,cond_conj_A,5,1,5,11,11,targ_class2,45.0,-420.0,11.07
29,conj_A,cond_conj_A,5,1,16,12,12,targ_class2,460.0,-229.0,11.8
29,conj_A,cond_conj_A,5,1,24,13,13,targ_class2,437.0,-7.0,12.33
29,conj_A,cond_conj_A,5,1,22,14,14,targ_class2,205.0,-28.0,12.88
29,conj_A,cond_conj_A,5,1,29,15,15,targ_class2,81.0,251.0,14.02
29,conj_A,cond_conj_A,5,1,28,16,16,targ_class2,-41.0,204.0,14.82
29,conj_A,cond_conj_A,5,1,27,17,17,targ_class2,-217.0,189.0,15.3
29,conj_A,cond_conj_A,5,1,37,18,18,targ_class2,85.0,414.0,16.05
29,conj_A,cond_conj_A,5,1,38,19,19,targ_class2,210.0,449.0,16.52
29,conj_A,cond_conj_A,5,1,39,20,20,targ_class2,346.0,430.0,16.9
29,conj_A,cond_conj_A,3,1,26,1,1,targ_class2,-316.0,250.0,1.27
29,conj_A,cond_conj_A,3,1,27,2,2,targ_class2,-182.0,174.0,1.77
29,conj_A,cond_conj_A,3,1,28,3,3,targ_class1,-44.0,219.0,2.7
29,conj_A,cond_conj_A,3,1,29,4,4,targ_class2,38.0,224.0,3.94
29,conj_A,cond_conj_A,3,1,30,5,5,targ_class2,176.0,197.0,4.77
29,conj_A,cond_conj_A,3,1,23,6,6,targ_class2,312.0,24.0,5.4
29,conj_A,cond_conj_A,3,1,24,7,7,targ_class2,487.0,-12.0,5.93
29,conj_A,cond_conj_A,3,1,36,8,8,targ_class2,-63.0,444.0,7.07
29,conj_A,cond_conj_A,3,1,38,9,9,targ_class1,164.0,428.0,7.7
29,conj_A,cond_conj_A,3,1,31,10,10,targ_class1,337.0,197.0,8.67
29,conj_A,cond_conj_A,3,1,32,11,11,targ_class1,446.0,203.0,9.4
29,conj_A,cond_conj_A,3,1,17,12,12,targ_class2,-457.0,-24.0,11.98
29,conj_A,cond_conj_A,3,1,10,13,13,targ_class2,-325.0,-210.0,12.55
29,conj_A,cond_conj_A,3,1,15,14,14,targ_class1,314.0,-232.0,15.08
29,conj_A,cond_conj_A,3,1,13,15,15,targ_class2,55.0,-252.0,16.07
29,conj_A,cond_conj_A,3,1,12,16,16,targ_class2,-69.0,-219.0,16.92
29,conj_A,cond_conj_A,3,1,3,17,17,targ_class2,-204.0,-408.0,17.93
29,conj_A,cond_conj_A,3,1,5,18,18,targ_class2,60.0,-419.0,18.6
29,conj_A,cond_conj_A,3,1,6,19,19,targ_class2,224.0,-470.0,19.4
29,conj_A,cond_conj_A,3,1,8,20,20,targ_class2,455.0,-447.0,20.07
29,conj_A,cond_conj_A,9,1,29,1,1,targ_class1,56.0,202.0,1.74
29,conj_A,cond_conj_A,9,1,25,2,2,targ_class1,-477.0,230.0,2.77
29,conj_A,cond_conj_A,9,1,37,3,3,targ_class1,96.0,429.0,4.17
29,conj_A,cond_conj_A,9,1,30,4,4,targ_class1,232.0,201.0,4.84
29,conj_A,cond_conj_A,9,1,24,5,5,targ_class1,463.0,37.0,5.97
29,conj_A,cond_conj_A,9,1,10,6,6,targ_class2,-297.0,-192.0,10.07
29,conj_A,cond_conj_A,9,1,11,7,7,targ_class2,-179.0,-202.0,10.47
29,conj_A,cond_conj_A,9,1,18,8,8,targ_class2,-294.0,-11.0,11.0
29,conj_A,cond_conj_A,9,1,33,9,9,targ_class2,-458.0,402.0,12.27
29,conj_A,cond_conj_A,9,1,34,10,10,targ_class2,-324.0,422.0,12.7
29,conj_A,cond_conj_A,9,1,35,11,11,targ_class2,-231.0,433.0,13.07
29,conj_A,cond_conj_A,9,1,36,12,12,targ_class2,-63.0,444.0,13.7
29,conj_A,cond_conj_A,9,1,38,13,13,targ_class2,195.0,416.0,14.43
29,conj_A,cond_conj_A,9,1,39,14,14,targ_class2,349.0,418.0,15.03
29,conj_A,cond_conj_A,9,1,22,15,15,targ_class2,204.0,6.0,16.03
29,conj_A,cond_conj_A,9,1,13,16,16,targ_class2,108.0,-212.0,16.67
29,conj_A,cond_conj_A,9,1,1,17,17,targ_class2,-439.0,-410.0,17.75
29,conj_A,cond_conj_A,9,1,2,18,18,targ_class2,-349.0,-456.0,18.21
29,conj_A,cond_conj_A,9,1,7,19,19,targ_class2,350.0,-428.0,19.11
29,conj_A,cond_conj_A,9,1,8,20,20,targ_class2,432.0,-384.0,19.52
29,conj_A,cond_conj_A,2,1,11,1,1,targ_class2,-214.0,-172.0,1.3
29,conj_A,cond_conj_A,2,1,19,2,2,targ_class2,-179.0,-18.0,1.9
29,conj_A,cond_conj_A,2,1,9,3,3,targ_class2,-483.0,-233.0,3.17
29,conj_A,cond_conj_A,2,1,1,4,4,targ_class2,-470.0,-425.0,3.7
29,conj_A,cond_conj_A,2,1,2,5,5,targ_class2,-335.0,-415.0,4.13
29,conj_A,cond_conj_A,2,1,3,6,6,targ_class1,-219.0,-432.0,4.67
29,conj_A,cond_conj_A,2,1,4,7,7,targ_class1,-66.0,-427.0,5.53
29,conj_A,cond_conj_A,2,1,12,8,8,targ_class2,-76.0,-221.0,6.23
29,conj_A,cond_conj_A,2,1,13,9,9,targ_class2,55.0,-236.0,7.0
29,conj_A,cond_conj_A,2,1,6,10,10,targ_class2,162.0,-435.0,7.63
29,conj_A,cond_conj_A,2,1,24,11,11,targ_class2,501.0,-34.0,9.63
29,conj_A,cond_conj_A,2,1,23,12,12,targ_class2,316.0,-21.0,10.4
29,conj_A,cond_conj_A,2,1,20,13,13,targ_class1,-52.0,22.0,11.13
29,conj_A,cond_conj_A,2,1,27,14,14,targ_class2,-206.0,197.0,11.97
29,conj_A,cond_conj_A,2,1,28,15,15,targ_class2,-59.0,195.0,12.45
29,conj_A,cond_conj_A,2,1,29,16,16,targ_class2,84.0,243.0,13.2
29,conj_A,cond_conj_A,2,1,25,17,17,targ_class1,-451.0,222.0,14.23
29,conj_A,cond_conj_A,2,1,26,18,18,targ_class1,-345.0,227.0,14.68
29,conj_A,cond_conj_A,2,1,39,19,19,targ_class2,335.0,410.0,16.95
29,conj_A,cond_conj_A,2,1,37,20,20,targ_class2,50.0,408.0,17.97
